Point ID,arc_length,p,Points_0,Points_1,Points_2,Points_Magnitude,U_0,U_1,U_2,U_Magnitude,vtkValidPointMask
0,0.000000,-0.000005,0.050000,0.000000,0.005000,0.050249,0.000000,0.000000,0.000000,0.000000,1
1,0.000020,-0.000005,0.050000,0.000020,0.005000,0.050249,0.000030,0.000000,-0.000000,0.000030,1
2,0.000040,-0.000005,0.050000,0.000040,0.005000,0.050249,0.000060,0.000000,-0.000000,0.000060,1
3,0.000060,-0.000005,0.050000,0.000060,0.005000,0.050249,0.000089,0.000000,-0.000000,0.000089,1
4,0.000080,-0.000005,0.050000,0.000080,0.005000,0.050249,0.000119,0.000000,-0.000000,0.000119,1
5,0.000100,-0.000005,0.050000,0.000100,0.005000,0.050249,0.000149,0.000000,-0.000000,0.000149,1
6,0.000120,-0.000005,0.050000,0.000120,0.005000,0.050250,0.000179,0.000000,-0.000000,0.000179,1
7,0.000140,-0.000005,0.050000,0.000140,0.005000,0.050250,0.000207,0.000000,-0.000000,0.000207,1
8,0.000160,-0.000005,0.050000,0.000160,0.005000,0.050250,0.000236,0.000000,-0.000000,0.000236,1
9,0.000180,-0.000005,0.050000,0.000180,0.005000,0.050250,0.000265,0.000000,-0.000000,0.000265,1
10,0.000200,-0.000005,0.050000,0.000200,0.005000,0.050250,0.000293,0.000000,-0.000000,0.000293,1
11,0.000220,-0.000005,0.050000,0.000220,0.005000,0.050250,0.000322,0.000001,-0.000000,0.000322,1
12,0.000240,-0.000005,0.050000,0.000240,0.005000,0.050250,0.000350,0.000001,-0.000000,0.000350,1
13,0.000260,-0.000005,0.050000,0.000260,0.005000,0.050250,0.000379,0.000001,-0.000000,0.000379,1
14,0.000280,-0.000005,0.050000,0.000280,0.005000,0.050250,0.000407,0.000001,-0.000000,0.000407,1
15,0.000300,-0.000005,0.050000,0.000300,0.005000,0.050250,0.000435,0.000001,-0.000000,0.000435,1
16,0.000320,-0.000005,0.050000,0.000320,0.005000,0.050250,0.000463,0.000001,-0.000000,0.000463,1
17,0.000340,-0.000005,0.050000,0.000340,0.005000,0.050251,0.000491,0.000001,-0.000000,0.000491,1
18,0.000360,-0.000005,0.050000,0.000360,0.005000,0.050251,0.000520,0.000001,-0.000000,0.000520,1
19,0.000380,-0.000005,0.050000,0.000380,0.005000,0.050251,0.000548,0.000001,-0.000000,0.000548,1
20,0.000400,-0.000005,0.050000,0.000400,0.005000,0.050251,0.000576,0.000002,-0.000000,0.000576,1
21,0.000420,-0.000005,0.050000,0.000420,0.005000,0.050251,0.000604,0.000002,0.000000,0.000604,1
22,0.000440,-0.000005,0.050000,0.000440,0.005000,0.050251,0.000632,0.000002,-0.000000,0.000632,1
23,0.000460,-0.000005,0.050000,0.000460,0.005000,0.050251,0.000659,0.000002,-0.000000,0.000659,1
24,0.000480,-0.000005,0.050000,0.000480,0.005000,0.050252,0.000687,0.000002,-0.000000,0.000687,1
25,0.000500,-0.000005,0.050000,0.000500,0.005000,0.050252,0.000715,0.000003,-0.000000,0.000715,1
26,0.000520,-0.000005,0.050000,0.000520,0.005000,0.050252,0.000742,0.000003,-0.000000,0.000742,1
27,0.000540,-0.000005,0.050000,0.000540,0.005000,0.050252,0.000770,0.000003,-0.000000,0.000770,1
28,0.000560,-0.000005,0.050000,0.000560,0.005000,0.050253,0.000798,0.000003,-0.000000,0.000798,1
29,0.000580,-0.000005,0.050000,0.000580,0.005000,0.050253,0.000825,0.000003,-0.000000,0.000825,1
30,0.000600,-0.000005,0.050000,0.000600,0.005000,0.050253,0.000853,0.000004,-0.000000,0.000853,1
31,0.000620,-0.000005,0.050000,0.000620,0.005000,0.050253,0.000880,0.000004,-0.000000,0.000880,1
32,0.000640,-0.000005,0.050000,0.000640,0.005000,0.050253,0.000907,0.000004,-0.000000,0.000907,1
33,0.000660,-0.000005,0.050000,0.000660,0.005000,0.050254,0.000934,0.000004,-0.000000,0.000934,1
34,0.000680,-0.000005,0.050000,0.000680,0.005000,0.050254,0.000961,0.000005,-0.000000,0.000961,1
35,0.000700,-0.000005,0.050000,0.000700,0.005000,0.050254,0.000988,0.000005,-0.000000,0.000988,1
36,0.000720,-0.000005,0.050000,0.000720,0.005000,0.050255,0.001015,0.000005,-0.000000,0.001015,1
37,0.000740,-0.000005,0.050000,0.000740,0.005000,0.050255,0.001042,0.000005,-0.000000,0.001042,1
38,0.000760,-0.000005,0.050000,0.000760,0.005000,0.050255,0.001070,0.000006,-0.000000,0.001070,1
39,0.000780,-0.000005,0.050000,0.000780,0.005000,0.050255,0.001097,0.000006,-0.000000,0.001097,1
40,0.000800,-0.000005,0.050000,0.000800,0.005000,0.050256,0.001124,0.000006,-0.000000,0.001124,1
41,0.000820,-0.000005,0.050000,0.000820,0.005000,0.050256,0.001150,0.000007,-0.000000,0.001150,1
42,0.000840,-0.000005,0.050000,0.000840,0.005000,0.050256,0.001177,0.000007,-0.000000,0.001177,1
43,0.000860,-0.000005,0.050000,0.000860,0.005000,0.050257,0.001203,0.000007,-0.000000,0.001203,1
44,0.000880,-0.000005,0.050000,0.000880,0.005000,0.050257,0.001230,0.000008,-0.000000,0.001230,1
45,0.000900,-0.000005,0.050000,0.000900,0.005000,0.050257,0.001256,0.000008,0.000000,0.001256,1
46,0.000920,-0.000005,0.050000,0.000920,0.005000,0.050258,0.001282,0.000008,0.000000,0.001282,1
47,0.000940,-0.000005,0.050000,0.000940,0.005000,0.050258,0.001309,0.000009,0.000000,0.001309,1
48,0.000960,-0.000005,0.050000,0.000960,0.005000,0.050259,0.001335,0.000009,0.000000,0.001335,1
49,0.000980,-0.000005,0.050000,0.000980,0.005000,0.050259,0.001361,0.000009,0.000000,0.001361,1
50,0.001000,-0.000005,0.050000,0.001000,0.005000,0.050259,0.001388,0.000010,0.000000,0.001388,1
51,0.001020,-0.000005,0.050000,0.001020,0.005000,0.050260,0.001414,0.000010,0.000000,0.001414,1
52,0.001040,-0.000005,0.050000,0.001040,0.005000,0.050260,0.001441,0.000011,0.000000,0.001441,1
53,0.001060,-0.000005,0.050000,0.001060,0.005000,0.050261,0.001466,0.000011,0.000000,0.001466,1
54,0.001080,-0.000005,0.050000,0.001080,0.005000,0.050261,0.001492,0.000011,0.000000,0.001492,1
55,0.001100,-0.000005,0.050000,0.001100,0.005000,0.050261,0.001517,0.000012,0.000000,0.001517,1
56,0.001120,-0.000005,0.050000,0.001120,0.005000,0.050262,0.001543,0.000012,0.000000,0.001543,1
57,0.001140,-0.000005,0.050000,0.001140,0.005000,0.050262,0.001568,0.000013,0.000000,0.001568,1
58,0.001160,-0.000005,0.050000,0.001160,0.005000,0.050263,0.001594,0.000013,0.000000,0.001594,1
59,0.001180,-0.000005,0.050000,0.001180,0.005000,0.050263,0.001620,0.000014,0.000000,0.001620,1
60,0.001200,-0.000005,0.050000,0.001200,0.005000,0.050264,0.001645,0.000014,0.000000,0.001645,1
61,0.001220,-0.000005,0.050000,0.001220,0.005000,0.050264,0.001671,0.000015,0.000000,0.001671,1
62,0.001240,-0.000005,0.050000,0.001240,0.005000,0.050265,0.001696,0.000015,0.000000,0.001696,1
63,0.001260,-0.000005,0.050000,0.001260,0.005000,0.050265,0.001722,0.000015,0.000000,0.001722,1
64,0.001280,-0.000005,0.050000,0.001280,0.005000,0.050266,0.001747,0.000016,0.000000,0.001747,1
65,0.001300,-0.000005,0.050000,0.001300,0.005000,0.050266,0.001773,0.000016,0.000000,0.001773,1
66,0.001320,-0.000005,0.050000,0.001320,0.005000,0.050267,0.001797,0.000017,0.000000,0.001798,1
67,0.001340,-0.000005,0.050000,0.001340,0.005000,0.050267,0.001822,0.000017,0.000000,0.001822,1
68,0.001360,-0.000005,0.050000,0.001360,0.005000,0.050268,0.001847,0.000018,0.000000,0.001847,1
69,0.001380,-0.000005,0.050000,0.001380,0.005000,0.050268,0.001871,0.000018,0.000000,0.001871,1
70,0.001400,-0.000005,0.050000,0.001400,0.005000,0.050269,0.001896,0.000019,0.000000,0.001896,1
71,0.001420,-0.000005,0.050000,0.001420,0.005000,0.050269,0.001920,0.000020,0.000000,0.001921,1
72,0.001440,-0.000005,0.050000,0.001440,0.005000,0.050270,0.001945,0.000020,0.000000,0.001945,1
73,0.001460,-0.000005,0.050000,0.001460,0.005000,0.050271,0.001970,0.000021,0.000000,0.001970,1
74,0.001480,-0.000005,0.050000,0.001480,0.005000,0.050271,0.001994,0.000021,0.000000,0.001994,1
75,0.001500,-0.000005,0.050000,0.001500,0.005000,0.050272,0.002019,0.000022,0.000000,0.002019,1
76,0.001520,-0.000005,0.050000,0.001520,0.005000,0.050272,0.002043,0.000022,0.000000,0.002044,1
77,0.001540,-0.000005,0.050000,0.001540,0.005000,0.050273,0.002068,0.000023,0.000000,0.002068,1
78,0.001560,-0.000005,0.050000,0.001560,0.005000,0.050274,0.002093,0.000023,0.000000,0.002093,1
79,0.001580,-0.000005,0.050000,0.001580,0.005000,0.050274,0.002117,0.000024,0.000000,0.002117,1
80,0.001600,-0.000005,0.050000,0.001600,0.005000,0.050275,0.002141,0.000024,0.000000,0.002141,1
81,0.001620,-0.000005,0.050000,0.001620,0.005000,0.050275,0.002165,0.000025,0.000000,0.002165,1
82,0.001640,-0.000005,0.050000,0.001640,0.005000,0.050276,0.002188,0.000026,0.000000,0.002188,1
83,0.001660,-0.000005,0.050000,0.001660,0.005000,0.050277,0.002211,0.000026,0.000000,0.002212,1
84,0.001680,-0.000005,0.050000,0.001680,0.005000,0.050277,0.002235,0.000027,0.000000,0.002235,1
85,0.001700,-0.000005,0.050000,0.001700,0.005000,0.050278,0.002258,0.000027,0.000000,0.002258,1
86,0.001720,-0.000005,0.050000,0.001720,0.005000,0.050279,0.002282,0.000028,0.000000,0.002282,1
87,0.001740,-0.000005,0.050000,0.001740,0.005000,0.050279,0.002305,0.000029,0.000000,0.002305,1
88,0.001760,-0.000005,0.050000,0.001760,0.005000,0.050280,0.002329,0.000029,0.000000,0.002329,1
89,0.001780,-0.000005,0.050000,0.001780,0.005000,0.050281,0.002352,0.000030,0.000000,0.002352,1
90,0.001800,-0.000005,0.050000,0.001800,0.005000,0.050282,0.002375,0.000030,0.000000,0.002376,1
91,0.001820,-0.000005,0.050000,0.001820,0.005000,0.050282,0.002399,0.000031,0.000000,0.002399,1
92,0.001840,-0.000005,0.050000,0.001840,0.005000,0.050283,0.002422,0.000032,0.000000,0.002422,1
93,0.001860,-0.000005,0.050000,0.001860,0.005000,0.050284,0.002446,0.000032,0.000000,0.002446,1
94,0.001880,-0.000005,0.050000,0.001880,0.005000,0.050285,0.002469,0.000033,-0.000000,0.002469,1
95,0.001900,-0.000005,0.050000,0.001900,0.005000,0.050285,0.002492,0.000033,-0.000000,0.002493,1
96,0.001920,-0.000005,0.050000,0.001920,0.005000,0.050286,0.002516,0.000034,-0.000000,0.002516,1
97,0.001940,-0.000005,0.050000,0.001940,0.005000,0.050287,0.002538,0.000035,-0.000000,0.002538,1
98,0.001960,-0.000005,0.050000,0.001960,0.005000,0.050288,0.002560,0.000035,-0.000000,0.002560,1
99,0.001980,-0.000005,0.050000,0.001980,0.005000,0.050288,0.002582,0.000036,0.000000,0.002582,1
100,0.002000,-0.000005,0.050000,0.002000,0.005000,0.050289,0.002604,0.000037,0.000000,0.002604,1
101,0.002020,-0.000005,0.050000,0.002020,0.005000,0.050290,0.002626,0.000037,0.000000,0.002626,1
102,0.002040,-0.000005,0.050000,0.002040,0.005000,0.050291,0.002648,0.000038,0.000000,0.002648,1
103,0.002060,-0.000005,0.050000,0.002060,0.005000,0.050292,0.002670,0.000039,0.000000,0.002670,1
104,0.002080,-0.000005,0.050000,0.002080,0.005000,0.050292,0.002692,0.000040,0.000000,0.002692,1
105,0.002100,-0.000005,0.050000,0.002100,0.005000,0.050293,0.002714,0.000040,0.000000,0.002714,1
106,0.002120,-0.000005,0.050000,0.002120,0.005000,0.050294,0.002736,0.000041,0.000000,0.002736,1
107,0.002140,-0.000005,0.050000,0.002140,0.005000,0.050295,0.002758,0.000042,0.000000,0.002758,1
108,0.002160,-0.000005,0.050000,0.002160,0.005000,0.050296,0.002780,0.000042,0.000000,0.002780,1
109,0.002180,-0.000005,0.050000,0.002180,0.005000,0.050297,0.002802,0.000043,0.000000,0.002802,1
110,0.002200,-0.000005,0.050000,0.002200,0.005000,0.050298,0.002824,0.000044,0.000000,0.002824,1
111,0.002220,-0.000005,0.050000,0.002220,0.005000,0.050298,0.002846,0.000044,0.000000,0.002846,1
112,0.002240,-0.000005,0.050000,0.002240,0.005000,0.050299,0.002868,0.000045,0.000000,0.002868,1
113,0.002260,-0.000005,0.050000,0.002260,0.005000,0.050300,0.002890,0.000046,0.000000,0.002890,1
114,0.002280,-0.000005,0.050000,0.002280,0.005000,0.050301,0.002912,0.000046,0.000000,0.002912,1
115,0.002300,-0.000005,0.050000,0.002300,0.005000,0.050302,0.002933,0.000047,0.000000,0.002933,1
116,0.002320,-0.000005,0.050000,0.002320,0.005000,0.050303,0.002953,0.000048,0.000000,0.002954,1
117,0.002340,-0.000005,0.050000,0.002340,0.005000,0.050304,0.002974,0.000048,0.000000,0.002974,1
118,0.002360,-0.000005,0.050000,0.002360,0.005000,0.050305,0.002994,0.000049,0.000000,0.002994,1
119,0.002380,-0.000005,0.050000,0.002380,0.005000,0.050306,0.003014,0.000050,0.000000,0.003015,1
120,0.002400,-0.000005,0.050000,0.002400,0.005000,0.050307,0.003034,0.000050,0.000000,0.003035,1
121,0.002420,-0.000005,0.050000,0.002420,0.005000,0.050308,0.003055,0.000051,0.000000,0.003055,1
122,0.002440,-0.000005,0.050000,0.002440,0.005000,0.050309,0.003075,0.000052,0.000000,0.003075,1
123,0.002460,-0.000005,0.050000,0.002460,0.005000,0.050310,0.003095,0.000053,0.000000,0.003096,1
124,0.002480,-0.000005,0.050000,0.002480,0.005000,0.050311,0.003115,0.000053,0.000000,0.003116,1
125,0.002500,-0.000005,0.050000,0.002500,0.005000,0.050312,0.003136,0.000054,0.000000,0.003136,1
126,0.002520,-0.000005,0.050000,0.002520,0.005000,0.050313,0.003156,0.000055,0.000000,0.003156,1
127,0.002540,-0.000005,0.050000,0.002540,0.005000,0.050314,0.003176,0.000055,0.000000,0.003177,1
128,0.002560,-0.000005,0.050000,0.002560,0.005000,0.050315,0.003197,0.000056,0.000000,0.003197,1
129,0.002580,-0.000005,0.050000,0.002580,0.005000,0.050316,0.003217,0.000057,0.000000,0.003217,1
130,0.002600,-0.000005,0.050000,0.002600,0.005000,0.050317,0.003237,0.000058,0.000000,0.003238,1
131,0.002620,-0.000005,0.050000,0.002620,0.005000,0.050318,0.003257,0.000058,0.000000,0.003258,1
132,0.002640,-0.000005,0.050000,0.002640,0.005000,0.050319,0.003278,0.000059,0.000000,0.003278,1
133,0.002660,-0.000005,0.050000,0.002660,0.005000,0.050320,0.003298,0.000060,0.000000,0.003298,1
134,0.002680,-0.000005,0.050000,0.002680,0.005000,0.050321,0.003318,0.000060,0.000000,0.003319,1
135,0.002700,-0.000005,0.050000,0.002700,0.005000,0.050322,0.003338,0.000061,0.000000,0.003339,1
136,0.002720,-0.000005,0.050000,0.002720,0.005000,0.050323,0.003358,0.000062,0.000000,0.003359,1
137,0.002740,-0.000005,0.050000,0.002740,0.005000,0.050324,0.003376,0.000062,0.000000,0.003377,1
138,0.002760,-0.000005,0.050000,0.002760,0.005000,0.050325,0.003395,0.000063,0.000000,0.003395,1
139,0.002780,-0.000005,0.050000,0.002780,0.005000,0.050326,0.003413,0.000064,0.000000,0.003413,1
140,0.002800,-0.000005,0.050000,0.002800,0.005000,0.050327,0.003431,0.000064,0.000000,0.003432,1
141,0.002820,-0.000005,0.050000,0.002820,0.005000,0.050328,0.003449,0.000065,0.000000,0.003450,1
142,0.002840,-0.000005,0.050000,0.002840,0.005000,0.050330,0.003467,0.000066,0.000000,0.003468,1
143,0.002860,-0.000005,0.050000,0.002860,0.005000,0.050331,0.003486,0.000066,0.000000,0.003486,1
144,0.002880,-0.000005,0.050000,0.002880,0.005000,0.050332,0.003504,0.000067,0.000000,0.003505,1
145,0.002900,-0.000005,0.050000,0.002900,0.005000,0.050333,0.003522,0.000068,0.000000,0.003523,1
146,0.002920,-0.000005,0.050000,0.002920,0.005000,0.050334,0.003540,0.000069,0.000000,0.003541,1
147,0.002940,-0.000005,0.050000,0.002940,0.005000,0.050335,0.003559,0.000069,0.000000,0.003559,1
148,0.002960,-0.000005,0.050000,0.002960,0.005000,0.050336,0.003577,0.000070,0.000000,0.003578,1
149,0.002980,-0.000005,0.050000,0.002980,0.005000,0.050338,0.003595,0.000071,0.000000,0.003596,1
150,0.003000,-0.000005,0.050000,0.003000,0.005000,0.050339,0.003613,0.000071,0.000000,0.003614,1
151,0.003020,-0.000005,0.050000,0.003020,0.005000,0.050340,0.003632,0.000072,0.000000,0.003632,1
152,0.003040,-0.000005,0.050000,0.003040,0.005000,0.050341,0.003650,0.000073,0.000000,0.003651,1
153,0.003060,-0.000005,0.050000,0.003060,0.005000,0.050342,0.003668,0.000073,0.000000,0.003669,1
154,0.003080,-0.000005,0.050000,0.003080,0.005000,0.050344,0.003686,0.000074,0.000000,0.003687,1
155,0.003100,-0.000005,0.050000,0.003100,0.005000,0.050345,0.003705,0.000075,0.000000,0.003705,1
156,0.003120,-0.000005,0.050000,0.003120,0.005000,0.050346,0.003723,0.000075,0.000000,0.003724,1
157,0.003140,-0.000005,0.050000,0.003140,0.005000,0.050347,0.003741,0.000076,0.000000,0.003742,1
158,0.003160,-0.000005,0.050000,0.003160,0.005000,0.050349,0.003759,0.000077,0.000000,0.003760,1
159,0.003180,-0.000005,0.050000,0.003180,0.005000,0.050350,0.003778,0.000077,0.000000,0.003778,1
160,0.003200,-0.000005,0.050000,0.003200,0.005000,0.050351,0.003795,0.000078,0.000000,0.003795,1
161,0.003220,-0.000005,0.050000,0.003220,0.005000,0.050352,0.003811,0.000079,0.000000,0.003811,1
162,0.003240,-0.000005,0.050000,0.003240,0.005000,0.050354,0.003827,0.000079,0.000000,0.003827,1
163,0.003260,-0.000005,0.050000,0.003260,0.005000,0.050355,0.003843,0.000080,0.000000,0.003843,1
164,0.003280,-0.000005,0.050000,0.003280,0.005000,0.050356,0.003859,0.000080,0.000000,0.003859,1
165,0.003300,-0.000005,0.050000,0.003300,0.005000,0.050358,0.003875,0.000081,0.000000,0.003875,1
166,0.003320,-0.000005,0.050000,0.003320,0.005000,0.050359,0.003891,0.000082,0.000000,0.003891,1
167,0.003340,-0.000005,0.050000,0.003340,0.005000,0.050360,0.003907,0.000082,0.000000,0.003907,1
168,0.003360,-0.000005,0.050000,0.003360,0.005000,0.050362,0.003922,0.000083,0.000000,0.003923,1
169,0.003380,-0.000005,0.050000,0.003380,0.005000,0.050363,0.003938,0.000083,0.000000,0.003939,1
170,0.003400,-0.000005,0.050000,0.003400,0.005000,0.050364,0.003954,0.000084,0.000000,0.003955,1
171,0.003420,-0.000005,0.050000,0.003420,0.005000,0.050366,0.003970,0.000084,0.000000,0.003971,1
172,0.003440,-0.000005,0.050000,0.003440,0.005000,0.050367,0.003986,0.000085,0.000000,0.003987,1
173,0.003460,-0.000005,0.050000,0.003460,0.005000,0.050368,0.004002,0.000086,0.000000,0.004003,1
174,0.003480,-0.000005,0.050000,0.003480,0.005000,0.050370,0.004018,0.000086,0.000000,0.004019,1
175,0.003500,-0.000005,0.050000,0.003500,0.005000,0.050371,0.004034,0.000087,0.000000,0.004035,1
176,0.003520,-0.000005,0.050000,0.003520,0.005000,0.050373,0.004050,0.000087,0.000000,0.004051,1
177,0.003540,-0.000005,0.050000,0.003540,0.005000,0.050374,0.004066,0.000088,0.000000,0.004067,1
178,0.003560,-0.000005,0.050000,0.003560,0.005000,0.050375,0.004082,0.000089,0.000000,0.004083,1
179,0.003580,-0.000005,0.050000,0.003580,0.005000,0.050377,0.004098,0.000089,0.000000,0.004099,1
180,0.003600,-0.000005,0.050000,0.003600,0.005000,0.050378,0.004114,0.000090,0.000000,0.004115,1
181,0.003620,-0.000005,0.050000,0.003620,0.005000,0.050380,0.004130,0.000090,0.000000,0.004131,1
182,0.003640,-0.000005,0.050000,0.003640,0.005000,0.050381,0.004146,0.000091,0.000000,0.004147,1
183,0.003660,-0.000005,0.050000,0.003660,0.005000,0.050382,0.004162,0.000092,0.000000,0.004163,1
184,0.003680,-0.000005,0.050000,0.003680,0.005000,0.050384,0.004178,0.000092,0.000000,0.004179,1
185,0.003700,-0.000005,0.050000,0.003700,0.005000,0.050385,0.004194,0.000093,0.000000,0.004195,1
186,0.003720,-0.000005,0.050000,0.003720,0.005000,0.050387,0.004210,0.000093,0.000000,0.004211,1
187,0.003740,-0.000005,0.050000,0.003740,0.005000,0.050388,0.004224,0.000094,0.000000,0.004225,1
188,0.003760,-0.000005,0.050000,0.003760,0.005000,0.050390,0.004238,0.000094,0.000000,0.004239,1
189,0.003780,-0.000005,0.050000,0.003780,0.005000,0.050391,0.004251,0.000095,0.000000,0.004253,1
190,0.003800,-0.000005,0.050000,0.003800,0.005000,0.050393,0.004265,0.000095,0.000000,0.004266,1
191,0.003820,-0.000005,0.050000,0.003820,0.005000,0.050394,0.004279,0.000095,0.000000,0.004280,1
192,0.003840,-0.000005,0.050000,0.003840,0.005000,0.050396,0.004292,0.000096,0.000000,0.004293,1
193,0.003860,-0.000005,0.050000,0.003860,0.005000,0.050397,0.004306,0.000096,0.000000,0.004307,1
194,0.003880,-0.000005,0.050000,0.003880,0.005000,0.050399,0.004319,0.000097,0.000000,0.004320,1
195,0.003900,-0.000005,0.050000,0.003900,0.005000,0.050400,0.004333,0.000097,0.000000,0.004334,1
196,0.003920,-0.000005,0.050000,0.003920,0.005000,0.050402,0.004347,0.000098,0.000000,0.004348,1
197,0.003940,-0.000005,0.050000,0.003940,0.005000,0.050404,0.004360,0.000098,0.000000,0.004361,1
198,0.003960,-0.000005,0.050000,0.003960,0.005000,0.050405,0.004374,0.000098,0.000000,0.004375,1
199,0.003980,-0.000005,0.050000,0.003980,0.005000,0.050407,0.004387,0.000099,0.000000,0.004388,1
200,0.004000,-0.000005,0.050000,0.004000,0.005000,0.050408,0.004401,0.000099,0.000000,0.004402,1
201,0.004020,-0.000005,0.050000,0.004020,0.005000,0.050410,0.004415,0.000100,0.000000,0.004416,1
202,0.004040,-0.000005,0.050000,0.004040,0.005000,0.050412,0.004428,0.000100,0.000000,0.004429,1
203,0.004060,-0.000005,0.050000,0.004060,0.005000,0.050413,0.004442,0.000101,0.000000,0.004443,1
204,0.004080,-0.000005,0.050000,0.004080,0.005000,0.050415,0.004455,0.000101,0.000000,0.004456,1
205,0.004100,-0.000005,0.050000,0.004100,0.005000,0.050416,0.004469,0.000102,0.000000,0.004470,1
206,0.004120,-0.000005,0.050000,0.004120,0.005000,0.050418,0.004482,0.000102,0.000000,0.004484,1
207,0.004140,-0.000005,0.050000,0.004140,0.005000,0.050420,0.004496,0.000102,0.000000,0.004497,1
208,0.004160,-0.000005,0.050000,0.004160,0.005000,0.050421,0.004510,0.000103,0.000000,0.004511,1
209,0.004180,-0.000005,0.050000,0.004180,0.005000,0.050423,0.004523,0.000103,0.000000,0.004524,1
210,0.004200,-0.000005,0.050000,0.004200,0.005000,0.050425,0.004537,0.000104,0.000000,0.004538,1
211,0.004220,-0.000005,0.050000,0.004220,0.005000,0.050426,0.004550,0.000104,0.000000,0.004552,1
212,0.004240,-0.000005,0.050000,0.004240,0.005000,0.050428,0.004564,0.000105,0.000000,0.004565,1
213,0.004260,-0.000005,0.050000,0.004260,0.005000,0.050430,0.004578,0.000105,0.000000,0.004579,1
214,0.004280,-0.000005,0.050000,0.004280,0.005000,0.050431,0.004591,0.000105,0.000000,0.004592,1
215,0.004300,-0.000005,0.050000,0.004300,0.005000,0.050433,0.004605,0.000106,0.000000,0.004606,1
216,0.004320,-0.000005,0.050000,0.004320,0.005000,0.050435,0.004618,0.000106,0.000000,0.004620,1
217,0.004340,-0.000005,0.050000,0.004340,0.005000,0.050436,0.004631,0.000107,0.000000,0.004632,1
218,0.004360,-0.000005,0.050000,0.004360,0.005000,0.050438,0.004642,0.000107,0.000000,0.004643,1
219,0.004380,-0.000005,0.050000,0.004380,0.005000,0.050440,0.004653,0.000107,0.000000,0.004655,1
220,0.004400,-0.000005,0.050000,0.004400,0.005000,0.050442,0.004665,0.000107,0.000000,0.004666,1
221,0.004420,-0.000005,0.050000,0.004420,0.005000,0.050443,0.004676,0.000108,0.000000,0.004677,1
222,0.004440,-0.000005,0.050000,0.004440,0.005000,0.050445,0.004687,0.000108,0.000000,0.004688,1
223,0.004460,-0.000005,0.050000,0.004460,0.005000,0.050447,0.004698,0.000108,0.000000,0.004700,1
224,0.004480,-0.000005,0.050000,0.004480,0.005000,0.050449,0.004710,0.000108,0.000000,0.004711,1
225,0.004500,-0.000005,0.050000,0.004500,0.005000,0.050450,0.004721,0.000109,0.000000,0.004722,1
226,0.004520,-0.000005,0.050000,0.004520,0.005000,0.050452,0.004732,0.000109,0.000000,0.004733,1
227,0.004540,-0.000005,0.050000,0.004540,0.005000,0.050454,0.004743,0.000109,0.000000,0.004745,1
228,0.004560,-0.000005,0.050000,0.004560,0.005000,0.050456,0.004755,0.000109,0.000000,0.004756,1
229,0.004580,-0.000005,0.050000,0.004580,0.005000,0.050458,0.004766,0.000109,0.000000,0.004767,1
230,0.004600,-0.000005,0.050000,0.004600,0.005000,0.050459,0.004777,0.000110,0.000000,0.004778,1
231,0.004620,-0.000005,0.050000,0.004620,0.005000,0.050461,0.004788,0.000110,0.000000,0.004790,1
232,0.004640,-0.000005,0.050000,0.004640,0.005000,0.050463,0.004800,0.000110,0.000000,0.004801,1
233,0.004660,-0.000005,0.050000,0.004660,0.005000,0.050465,0.004811,0.000110,0.000000,0.004812,1
234,0.004680,-0.000005,0.050000,0.004680,0.005000,0.050467,0.004822,0.000111,0.000000,0.004823,1
235,0.004700,-0.000005,0.050000,0.004700,0.005000,0.050469,0.004833,0.000111,0.000000,0.004835,1
236,0.004720,-0.000005,0.050000,0.004720,0.005000,0.050471,0.004845,0.000111,0.000000,0.004846,1
237,0.004740,-0.000005,0.050000,0.004740,0.005000,0.050472,0.004856,0.000111,0.000000,0.004857,1
238,0.004760,-0.000005,0.050000,0.004760,0.005000,0.050474,0.004867,0.000112,0.000000,0.004868,1
239,0.004780,-0.000005,0.050000,0.004780,0.005000,0.050476,0.004878,0.000112,0.000000,0.004880,1
240,0.004800,-0.000005,0.050000,0.004800,0.005000,0.050478,0.004890,0.000112,-0.000000,0.004891,1
241,0.004820,-0.000005,0.050000,0.004820,0.005000,0.050480,0.004901,0.000112,-0.000000,0.004902,1
242,0.004840,-0.000005,0.050000,0.004840,0.005000,0.050482,0.004912,0.000113,-0.000000,0.004913,1
243,0.004860,-0.000005,0.050000,0.004860,0.005000,0.050484,0.004923,0.000113,-0.000000,0.004925,1
244,0.004880,-0.000005,0.050000,0.004880,0.005000,0.050486,0.004935,0.000113,-0.000000,0.004936,1
245,0.004900,-0.000005,0.050000,0.004900,0.005000,0.050488,0.004946,0.000113,-0.000000,0.004947,1
246,0.004920,-0.000005,0.050000,0.004920,0.005000,0.050490,0.004957,0.000114,-0.000000,0.004958,1
247,0.004940,-0.000005,0.050000,0.004940,0.005000,0.050492,0.004968,0.000114,-0.000000,0.004970,1
248,0.004960,-0.000005,0.050000,0.004960,0.005000,0.050494,0.004980,0.000114,-0.000000,0.004981,1
249,0.004980,-0.000005,0.050000,0.004980,0.005000,0.050496,0.004991,0.000114,-0.000000,0.004992,1
250,0.005000,-0.000005,0.050000,0.005000,0.005000,0.050498,0.005002,0.000115,-0.000000,0.005003,1
251,0.005020,-0.000005,0.050000,0.005020,0.005000,0.050500,0.005013,0.000115,-0.000000,0.005014,1
252,0.005040,-0.000005,0.050000,0.005040,0.005000,0.050502,0.005022,0.000115,-0.000000,0.005023,1
253,0.005060,-0.000005,0.050000,0.005060,0.005000,0.050503,0.005031,0.000115,-0.000000,0.005032,1
254,0.005080,-0.000005,0.050000,0.005080,0.005000,0.050506,0.005040,0.000115,-0.000000,0.005041,1
255,0.005100,-0.000005,0.050000,0.005100,0.005000,0.050508,0.005049,0.000115,-0.000000,0.005050,1
256,0.005120,-0.000005,0.050000,0.005120,0.005000,0.050510,0.005058,0.000115,-0.000000,0.005059,1
257,0.005140,-0.000005,0.050000,0.005140,0.005000,0.050512,0.005067,0.000115,-0.000000,0.005068,1
258,0.005160,-0.000005,0.050000,0.005160,0.005000,0.050514,0.005076,0.000115,-0.000000,0.005078,1
259,0.005180,-0.000005,0.050000,0.005180,0.005000,0.050516,0.005085,0.000115,-0.000000,0.005087,1
260,0.005200,-0.000005,0.050000,0.005200,0.005000,0.050518,0.005094,0.000115,-0.000000,0.005096,1
261,0.005220,-0.000005,0.050000,0.005220,0.005000,0.050520,0.005104,0.000115,-0.000000,0.005105,1
262,0.005240,-0.000005,0.050000,0.005240,0.005000,0.050522,0.005113,0.000115,-0.000000,0.005114,1
263,0.005260,-0.000005,0.050000,0.005260,0.005000,0.050524,0.005122,0.000116,-0.000000,0.005123,1
264,0.005280,-0.000005,0.050000,0.005280,0.005000,0.050526,0.005131,0.000116,-0.000000,0.005132,1
265,0.005300,-0.000005,0.050000,0.005300,0.005000,0.050528,0.005140,0.000116,-0.000000,0.005141,1
266,0.005320,-0.000005,0.050000,0.005320,0.005000,0.050530,0.005149,0.000116,-0.000000,0.005150,1
267,0.005340,-0.000005,0.050000,0.005340,0.005000,0.050532,0.005158,0.000116,-0.000000,0.005159,1
268,0.005360,-0.000005,0.050000,0.005360,0.005000,0.050534,0.005167,0.000116,-0.000000,0.005169,1
269,0.005380,-0.000005,0.050000,0.005380,0.005000,0.050537,0.005176,0.000116,-0.000000,0.005178,1
270,0.005400,-0.000005,0.050000,0.005400,0.005000,0.050539,0.005185,0.000116,-0.000000,0.005187,1
271,0.005420,-0.000005,0.050000,0.005420,0.005000,0.050541,0.005194,0.000116,-0.000000,0.005196,1
272,0.005440,-0.000005,0.050000,0.005440,0.005000,0.050543,0.005204,0.000116,-0.000000,0.005205,1
273,0.005460,-0.000005,0.050000,0.005460,0.005000,0.050545,0.005213,0.000116,-0.000000,0.005214,1
274,0.005480,-0.000005,0.050000,0.005480,0.005000,0.050547,0.005222,0.000116,-0.000000,0.005223,1
275,0.005500,-0.000005,0.050000,0.005500,0.005000,0.050549,0.005231,0.000116,-0.000000,0.005232,1
276,0.005520,-0.000005,0.050000,0.005520,0.005000,0.050552,0.005240,0.000116,-0.000000,0.005241,1
277,0.005540,-0.000005,0.050000,0.005540,0.005000,0.050554,0.005249,0.000116,-0.000000,0.005250,1
278,0.005560,-0.000005,0.050000,0.005560,0.005000,0.050556,0.005258,0.000116,-0.000000,0.005259,1
279,0.005580,-0.000005,0.050000,0.005580,0.005000,0.050558,0.005267,0.000117,-0.000000,0.005269,1
280,0.005600,-0.000005,0.050000,0.005600,0.005000,0.050560,0.005276,0.000117,-0.000000,0.005278,1
281,0.005620,-0.000005,0.050000,0.005620,0.005000,0.050563,0.005285,0.000117,-0.000000,0.005287,1
282,0.005640,-0.000005,0.050000,0.005640,0.005000,0.050565,0.005295,0.000117,-0.000000,0.005296,1
283,0.005660,-0.000005,0.050000,0.005660,0.005000,0.050567,0.005304,0.000117,-0.000000,0.005305,1
284,0.005680,-0.000005,0.050000,0.005680,0.005000,0.050569,0.005313,0.000117,-0.000000,0.005314,1
285,0.005700,-0.000005,0.050000,0.005700,0.005000,0.050572,0.005322,0.000117,-0.000000,0.005323,1
286,0.005720,-0.000005,0.050000,0.005720,0.005000,0.050574,0.005331,0.000117,-0.000000,0.005332,1
287,0.005740,-0.000005,0.050000,0.005740,0.005000,0.050576,0.005340,0.000117,-0.000000,0.005341,1
288,0.005760,-0.000005,0.050000,0.005760,0.005000,0.050578,0.005349,0.000117,-0.000000,0.005350,1
289,0.005780,-0.000005,0.050000,0.005780,0.005000,0.050581,0.005358,0.000117,-0.000000,0.005359,1
290,0.005800,-0.000005,0.050000,0.005800,0.005000,0.050583,0.005366,0.000117,-0.000000,0.005367,1
291,0.005820,-0.000005,0.050000,0.005820,0.005000,0.050585,0.005373,0.000117,-0.000000,0.005374,1
292,0.005840,-0.000005,0.050000,0.005840,0.005000,0.050588,0.005380,0.000117,-0.000000,0.005381,1
293,0.005860,-0.000005,0.050000,0.005860,0.005000,0.050590,0.005387,0.000117,-0.000000,0.005388,1
294,0.005880,-0.000004,0.050000,0.005880,0.005000,0.050592,0.005394,0.000117,-0.000000,0.005395,1
295,0.005900,-0.000004,0.050000,0.005900,0.005000,0.050595,0.005401,0.000117,-0.000000,0.005403,1
296,0.005920,-0.000004,0.050000,0.005920,0.005000,0.050597,0.005408,0.000117,-0.000000,0.005410,1
297,0.005940,-0.000004,0.050000,0.005940,0.005000,0.050599,0.005416,0.000117,-0.000000,0.005417,1
298,0.005960,-0.000004,0.050000,0.005960,0.005000,0.050602,0.005423,0.000117,-0.000000,0.005424,1
299,0.005980,-0.000004,0.050000,0.005980,0.005000,0.050604,0.005430,0.000117,-0.000000,0.005431,1
300,0.006000,-0.000004,0.050000,0.006000,0.005000,0.050606,0.005437,0.000117,-0.000000,0.005438,1
301,0.006020,-0.000004,0.050000,0.006020,0.005000,0.050609,0.005444,0.000117,-0.000000,0.005445,1
302,0.006040,-0.000004,0.050000,0.006040,0.005000,0.050611,0.005451,0.000116,-0.000000,0.005452,1
303,0.006060,-0.000004,0.050000,0.006060,0.005000,0.050613,0.005458,0.000116,-0.000000,0.005459,1
304,0.006080,-0.000004,0.050000,0.006080,0.005000,0.050616,0.005465,0.000116,-0.000000,0.005466,1
305,0.006100,-0.000004,0.050000,0.006100,0.005000,0.050618,0.005472,0.000116,-0.000000,0.005474,1
306,0.006120,-0.000004,0.050000,0.006120,0.005000,0.050621,0.005479,0.000116,-0.000000,0.005481,1
307,0.006140,-0.000004,0.050000,0.006140,0.005000,0.050623,0.005487,0.000116,-0.000000,0.005488,1
308,0.006160,-0.000004,0.050000,0.006160,0.005000,0.050626,0.005494,0.000116,-0.000000,0.005495,1
309,0.006180,-0.000004,0.050000,0.006180,0.005000,0.050628,0.005501,0.000116,-0.000000,0.005502,1
310,0.006200,-0.000004,0.050000,0.006200,0.005000,0.050630,0.005508,0.000116,-0.000000,0.005509,1
311,0.006220,-0.000004,0.050000,0.006220,0.005000,0.050633,0.005515,0.000116,-0.000000,0.005516,1
312,0.006240,-0.000004,0.050000,0.006240,0.005000,0.050635,0.005522,0.000116,-0.000000,0.005523,1
313,0.006260,-0.000004,0.050000,0.006260,0.005000,0.050638,0.005529,0.000116,-0.000000,0.005530,1
314,0.006280,-0.000004,0.050000,0.006280,0.005000,0.050640,0.005536,0.000116,-0.000000,0.005538,1
315,0.006300,-0.000004,0.050000,0.006300,0.005000,0.050643,0.005543,0.000116,-0.000000,0.005545,1
316,0.006320,-0.000004,0.050000,0.006320,0.005000,0.050645,0.005551,0.000116,-0.000000,0.005552,1
317,0.006340,-0.000004,0.050000,0.006340,0.005000,0.050648,0.005558,0.000116,-0.000000,0.005559,1
318,0.006360,-0.000004,0.050000,0.006360,0.005000,0.050650,0.005565,0.000116,-0.000000,0.005566,1
319,0.006380,-0.000004,0.050000,0.006380,0.005000,0.050653,0.005572,0.000115,-0.000000,0.005573,1
320,0.006400,-0.000004,0.050000,0.006400,0.005000,0.050655,0.005579,0.000115,-0.000000,0.005580,1
321,0.006420,-0.000004,0.050000,0.006420,0.005000,0.050658,0.005586,0.000115,-0.000000,0.005587,1
322,0.006440,-0.000004,0.050000,0.006440,0.005000,0.050660,0.005593,0.000115,-0.000000,0.005594,1
323,0.006460,-0.000004,0.050000,0.006460,0.005000,0.050663,0.005600,0.000115,-0.000000,0.005601,1
324,0.006480,-0.000004,0.050000,0.006480,0.005000,0.050665,0.005607,0.000115,-0.000000,0.005609,1
325,0.006500,-0.000004,0.050000,0.006500,0.005000,0.050668,0.005614,0.000115,-0.000000,0.005616,1
326,0.006520,-0.000004,0.050000,0.006520,0.005000,0.050671,0.005622,0.000115,-0.000000,0.005623,1
327,0.006540,-0.000004,0.050000,0.006540,0.005000,0.050673,0.005629,0.000115,-0.000000,0.005630,1
328,0.006560,-0.000004,0.050000,0.006560,0.005000,0.050676,0.005636,0.000115,-0.000000,0.005637,1
329,0.006580,-0.000004,0.050000,0.006580,0.005000,0.050678,0.005643,0.000115,-0.000000,0.005644,1
330,0.006600,-0.000004,0.050000,0.006600,0.005000,0.050681,0.005650,0.000115,-0.000000,0.005651,1
331,0.006620,-0.000004,0.050000,0.006620,0.005000,0.050684,0.005657,0.000115,-0.000000,0.005658,1
332,0.006640,-0.000004,0.050000,0.006640,0.005000,0.050686,0.005664,0.000115,-0.000000,0.005665,1
333,0.006660,-0.000004,0.050000,0.006660,0.005000,0.050689,0.005671,0.000115,-0.000000,0.005672,1
334,0.006680,-0.000004,0.050000,0.006680,0.005000,0.050691,0.005676,0.000115,-0.000000,0.005677,1
335,0.006700,-0.000004,0.050000,0.006700,0.005000,0.050694,0.005681,0.000114,-0.000000,0.005682,1
336,0.006720,-0.000004,0.050000,0.006720,0.005000,0.050697,0.005686,0.000114,-0.000000,0.005687,1
337,0.006740,-0.000004,0.050000,0.006740,0.005000,0.050699,0.005691,0.000114,-0.000000,0.005693,1
338,0.006760,-0.000004,0.050000,0.006760,0.005000,0.050702,0.005697,0.000114,-0.000000,0.005698,1
339,0.006780,-0.000004,0.050000,0.006780,0.005000,0.050705,0.005702,0.000114,-0.000000,0.005703,1
340,0.006800,-0.000004,0.050000,0.006800,0.005000,0.050707,0.005707,0.000114,-0.000000,0.005708,1
341,0.006820,-0.000004,0.050000,0.006820,0.005000,0.050710,0.005712,0.000114,-0.000000,0.005713,1
342,0.006840,-0.000004,0.050000,0.006840,0.005000,0.050713,0.005717,0.000114,-0.000000,0.005718,1
343,0.006860,-0.000004,0.050000,0.006860,0.005000,0.050715,0.005722,0.000113,-0.000000,0.005723,1
344,0.006880,-0.000004,0.050000,0.006880,0.005000,0.050718,0.005727,0.000113,-0.000000,0.005728,1
345,0.006900,-0.000004,0.050000,0.006900,0.005000,0.050721,0.005732,0.000113,-0.000000,0.005733,1
346,0.006920,-0.000004,0.050000,0.006920,0.005000,0.050724,0.005737,0.000113,-0.000000,0.005739,1
347,0.006940,-0.000004,0.050000,0.006940,0.005000,0.050726,0.005743,0.000113,-0.000000,0.005744,1
348,0.006960,-0.000004,0.050000,0.006960,0.005000,0.050729,0.005748,0.000113,-0.000000,0.005749,1
349,0.006980,-0.000004,0.050000,0.006980,0.005000,0.050732,0.005753,0.000113,-0.000000,0.005754,1
350,0.007000,-0.000004,0.050000,0.007000,0.005000,0.050735,0.005758,0.000113,-0.000000,0.005759,1
351,0.007020,-0.000004,0.050000,0.007020,0.005000,0.050737,0.005763,0.000113,-0.000000,0.005764,1
352,0.007040,-0.000004,0.050000,0.007040,0.005000,0.050740,0.005768,0.000112,-0.000000,0.005769,1
353,0.007060,-0.000004,0.050000,0.007060,0.005000,0.050743,0.005773,0.000112,-0.000000,0.005774,1
354,0.007080,-0.000004,0.050000,0.007080,0.005000,0.050746,0.005778,0.000112,-0.000000,0.005780,1
355,0.007100,-0.000004,0.050000,0.007100,0.005000,0.050748,0.005784,0.000112,-0.000000,0.005785,1
356,0.007120,-0.000004,0.050000,0.007120,0.005000,0.050751,0.005789,0.000112,-0.000000,0.005790,1
357,0.007140,-0.000004,0.050000,0.007140,0.005000,0.050754,0.005794,0.000112,-0.000000,0.005795,1
358,0.007160,-0.000004,0.050000,0.007160,0.005000,0.050757,0.005799,0.000112,-0.000000,0.005800,1
359,0.007180,-0.000004,0.050000,0.007180,0.005000,0.050760,0.005804,0.000112,-0.000000,0.005805,1
360,0.007200,-0.000004,0.050000,0.007200,0.005000,0.050763,0.005809,0.000111,-0.000000,0.005810,1
361,0.007220,-0.000004,0.050000,0.007220,0.005000,0.050765,0.005814,0.000111,-0.000000,0.005815,1
362,0.007240,-0.000004,0.050000,0.007240,0.005000,0.050768,0.005819,0.000111,0.000000,0.005820,1
363,0.007260,-0.000004,0.050000,0.007260,0.005000,0.050771,0.005825,0.000111,0.000000,0.005826,1
364,0.007280,-0.000004,0.050000,0.007280,0.005000,0.050774,0.005830,0.000111,0.000000,0.005831,1
365,0.007300,-0.000004,0.050000,0.007300,0.005000,0.050777,0.005835,0.000111,0.000000,0.005836,1
366,0.007320,-0.000004,0.050000,0.007320,0.005000,0.050780,0.005840,0.000111,0.000000,0.005841,1
367,0.007340,-0.000004,0.050000,0.007340,0.005000,0.050783,0.005845,0.000111,0.000000,0.005846,1
368,0.007360,-0.000004,0.050000,0.007360,0.005000,0.050786,0.005850,0.000111,0.000000,0.005851,1
369,0.007380,-0.000004,0.050000,0.007380,0.005000,0.050788,0.005855,0.000110,0.000000,0.005856,1
370,0.007400,-0.000004,0.050000,0.007400,0.005000,0.050791,0.005860,0.000110,0.000000,0.005861,1
371,0.007420,-0.000004,0.050000,0.007420,0.005000,0.050794,0.005865,0.000110,0.000000,0.005867,1
372,0.007440,-0.000004,0.050000,0.007440,0.005000,0.050797,0.005871,0.000110,0.000000,0.005872,1
373,0.007460,-0.000004,0.050000,0.007460,0.005000,0.050800,0.005876,0.000110,0.000000,0.005877,1
374,0.007480,-0.000004,0.050000,0.007480,0.005000,0.050803,0.005881,0.000110,0.000000,0.005882,1
375,0.007500,-0.000004,0.050000,0.007500,0.005000,0.050806,0.005886,0.000110,0.000000,0.005887,1
376,0.007520,-0.000004,0.050000,0.007520,0.005000,0.050809,0.005891,0.000110,0.000000,0.005892,1
377,0.007540,-0.000004,0.050000,0.007540,0.005000,0.050812,0.005896,0.000109,0.000000,0.005897,1
378,0.007560,-0.000004,0.050000,0.007560,0.005000,0.050815,0.005901,0.000109,0.000000,0.005902,1
379,0.007580,-0.000004,0.050000,0.007580,0.005000,0.050818,0.005906,0.000109,0.000000,0.005907,1
380,0.007600,-0.000004,0.050000,0.007600,0.005000,0.050821,0.005912,0.000109,0.000000,0.005913,1
381,0.007620,-0.000004,0.050000,0.007620,0.005000,0.050824,0.005917,0.000109,0.000000,0.005918,1
382,0.007640,-0.000004,0.050000,0.007640,0.005000,0.050827,0.005922,0.000109,0.000000,0.005923,1
383,0.007660,-0.000004,0.050000,0.007660,0.005000,0.050830,0.005925,0.000109,0.000000,0.005926,1
384,0.007680,-0.000004,0.050000,0.007680,0.005000,0.050833,0.005927,0.000109,0.000000,0.005928,1
385,0.007700,-0.000004,0.050000,0.007700,0.005000,0.050836,0.005930,0.000108,0.000000,0.005931,1
386,0.007720,-0.000004,0.050000,0.007720,0.005000,0.050839,0.005933,0.000108,0.000000,0.005934,1
387,0.007740,-0.000004,0.050000,0.007740,0.005000,0.050842,0.005936,0.000108,0.000000,0.005937,1
388,0.007760,-0.000004,0.050000,0.007760,0.005000,0.050845,0.005939,0.000108,0.000000,0.005940,1
389,0.007780,-0.000004,0.050000,0.007780,0.005000,0.050848,0.005942,0.000108,0.000000,0.005943,1
390,0.007800,-0.000004,0.050000,0.007800,0.005000,0.050851,0.005945,0.000108,0.000000,0.005946,1
391,0.007820,-0.000004,0.050000,0.007820,0.005000,0.050854,0.005948,0.000108,0.000000,0.005949,1
392,0.007840,-0.000004,0.050000,0.007840,0.005000,0.050857,0.005951,0.000107,0.000000,0.005952,1
393,0.007860,-0.000004,0.050000,0.007860,0.005000,0.050860,0.005954,0.000107,0.000000,0.005955,1
394,0.007880,-0.000004,0.050000,0.007880,0.005000,0.050863,0.005957,0.000107,0.000000,0.005958,1
395,0.007900,-0.000004,0.050000,0.007900,0.005000,0.050867,0.005960,0.000107,0.000000,0.005960,1
396,0.007920,-0.000004,0.050000,0.007920,0.005000,0.050870,0.005962,0.000107,0.000000,0.005963,1
397,0.007940,-0.000004,0.050000,0.007940,0.005000,0.050873,0.005965,0.000107,0.000000,0.005966,1
398,0.007960,-0.000004,0.050000,0.007960,0.005000,0.050876,0.005968,0.000106,0.000000,0.005969,1
399,0.007980,-0.000004,0.050000,0.007980,0.005000,0.050879,0.005971,0.000106,0.000000,0.005972,1
400,0.008000,-0.000004,0.050000,0.008000,0.005000,0.050882,0.005974,0.000106,0.000000,0.005975,1
401,0.008020,-0.000004,0.050000,0.008020,0.005000,0.050885,0.005977,0.000106,0.000000,0.005978,1
402,0.008040,-0.000004,0.050000,0.008040,0.005000,0.050889,0.005980,0.000106,0.000000,0.005981,1
403,0.008060,-0.000004,0.050000,0.008060,0.005000,0.050892,0.005983,0.000106,0.000000,0.005984,1
404,0.008080,-0.000004,0.050000,0.008080,0.005000,0.050895,0.005986,0.000106,0.000000,0.005987,1
405,0.008100,-0.000004,0.050000,0.008100,0.005000,0.050898,0.005989,0.000105,0.000000,0.005990,1
406,0.008120,-0.000004,0.050000,0.008120,0.005000,0.050901,0.005992,0.000105,0.000000,0.005993,1
407,0.008140,-0.000004,0.050000,0.008140,0.005000,0.050904,0.005995,0.000105,0.000000,0.005995,1
408,0.008160,-0.000004,0.050000,0.008160,0.005000,0.050908,0.005997,0.000105,0.000000,0.005998,1
409,0.008180,-0.000004,0.050000,0.008180,0.005000,0.050911,0.006000,0.000105,0.000000,0.006001,1
410,0.008200,-0.000004,0.050000,0.008200,0.005000,0.050914,0.006003,0.000105,0.000000,0.006004,1
411,0.008220,-0.000004,0.050000,0.008220,0.005000,0.050917,0.006006,0.000105,0.000000,0.006007,1
412,0.008240,-0.000004,0.050000,0.008240,0.005000,0.050921,0.006009,0.000104,0.000000,0.006010,1
413,0.008260,-0.000004,0.050000,0.008260,0.005000,0.050924,0.006012,0.000104,0.000000,0.006013,1
414,0.008280,-0.000004,0.050000,0.008280,0.005000,0.050927,0.006015,0.000104,0.000000,0.006016,1
415,0.008300,-0.000004,0.050000,0.008300,0.005000,0.050930,0.006018,0.000104,0.000000,0.006019,1
416,0.008320,-0.000004,0.050000,0.008320,0.005000,0.050934,0.006021,0.000104,0.000000,0.006022,1
417,0.008340,-0.000004,0.050000,0.008340,0.005000,0.050937,0.006024,0.000104,0.000000,0.006025,1
418,0.008360,-0.000004,0.050000,0.008360,0.005000,0.050940,0.006027,0.000103,0.000000,0.006028,1
419,0.008380,-0.000004,0.050000,0.008380,0.005000,0.050943,0.006030,0.000103,0.000000,0.006030,1
420,0.008400,-0.000004,0.050000,0.008400,0.005000,0.050947,0.006032,0.000103,0.000000,0.006033,1
421,0.008420,-0.000004,0.050000,0.008420,0.005000,0.050950,0.006035,0.000103,0.000000,0.006036,1
422,0.008440,-0.000004,0.050000,0.008440,0.005000,0.050953,0.006038,0.000103,0.000000,0.006039,1
423,0.008460,-0.000004,0.050000,0.008460,0.005000,0.050957,0.006041,0.000103,0.000000,0.006042,1
424,0.008480,-0.000004,0.050000,0.008480,0.005000,0.050960,0.006044,0.000103,0.000000,0.006045,1
425,0.008500,-0.000004,0.050000,0.008500,0.005000,0.050963,0.006047,0.000102,0.000000,0.006048,1
426,0.008520,-0.000004,0.050000,0.008520,0.005000,0.050967,0.006050,0.000102,0.000000,0.006051,1
427,0.008540,-0.000004,0.050000,0.008540,0.005000,0.050970,0.006053,0.000102,0.000000,0.006054,1
428,0.008560,-0.000004,0.050000,0.008560,0.005000,0.050973,0.006056,0.000102,0.000000,0.006057,1
429,0.008580,-0.000004,0.050000,0.008580,0.005000,0.050977,0.006059,0.000102,0.000000,0.006060,1
430,0.008600,-0.000004,0.050000,0.008600,0.005000,0.050980,0.006062,0.000102,0.000000,0.006062,1
431,0.008620,-0.000004,0.050000,0.008620,0.005000,0.050983,0.006065,0.000102,0.000000,0.006065,1
432,0.008640,-0.000004,0.050000,0.008640,0.005000,0.050987,0.006067,0.000101,0.000000,0.006068,1
433,0.008660,-0.000004,0.050000,0.008660,0.005000,0.050990,0.006070,0.000101,0.000000,0.006071,1
434,0.008680,-0.000004,0.050000,0.008680,0.005000,0.050994,0.006073,0.000101,0.000000,0.006074,1
435,0.008700,-0.000004,0.050000,0.008700,0.005000,0.050997,0.006076,0.000101,0.000000,0.006077,1
436,0.008720,-0.000004,0.050000,0.008720,0.005000,0.051000,0.006079,0.000101,0.000000,0.006080,1
437,0.008740,-0.000004,0.050000,0.008740,0.005000,0.051004,0.006082,0.000101,0.000000,0.006083,1
438,0.008760,-0.000004,0.050000,0.008760,0.005000,0.051007,0.006083,0.000100,0.000000,0.006084,1
439,0.008780,-0.000004,0.050000,0.008780,0.005000,0.051011,0.006084,0.000100,0.000000,0.006085,1
440,0.008800,-0.000004,0.050000,0.008800,0.005000,0.051014,0.006084,0.000100,0.000000,0.006085,1
441,0.008820,-0.000004,0.050000,0.008820,0.005000,0.051018,0.006085,0.000100,0.000000,0.006085,1
442,0.008840,-0.000004,0.050000,0.008840,0.005000,0.051021,0.006085,0.000100,0.000000,0.006086,1
443,0.008860,-0.000004,0.050000,0.008860,0.005000,0.051025,0.006085,0.000100,0.000000,0.006086,1
444,0.008880,-0.000004,0.050000,0.008880,0.005000,0.051028,0.006086,0.000099,0.000000,0.006087,1
445,0.008900,-0.000004,0.050000,0.008900,0.005000,0.051031,0.006086,0.000099,0.000000,0.006087,1
446,0.008920,-0.000004,0.050000,0.008920,0.005000,0.051035,0.006087,0.000099,0.000000,0.006087,1
447,0.008940,-0.000004,0.050000,0.008940,0.005000,0.051038,0.006087,0.000099,0.000000,0.006088,1
448,0.008960,-0.000004,0.050000,0.008960,0.005000,0.051042,0.006087,0.000099,0.000000,0.006088,1
449,0.008980,-0.000004,0.050000,0.008980,0.005000,0.051045,0.006088,0.000099,0.000000,0.006089,1
450,0.009000,-0.000004,0.050000,0.009000,0.005000,0.051049,0.006088,0.000099,0.000000,0.006089,1
451,0.009020,-0.000004,0.050000,0.009020,0.005000,0.051053,0.006089,0.000098,0.000000,0.006089,1
452,0.009040,-0.000004,0.050000,0.009040,0.005000,0.051056,0.006089,0.000098,0.000000,0.006090,1
453,0.009060,-0.000004,0.050000,0.009060,0.005000,0.051060,0.006089,0.000098,0.000000,0.006090,1
454,0.009080,-0.000004,0.050000,0.009080,0.005000,0.051063,0.006090,0.000098,0.000000,0.006091,1
455,0.009100,-0.000004,0.050000,0.009100,0.005000,0.051067,0.006090,0.000098,0.000000,0.006091,1
456,0.009120,-0.000004,0.050000,0.009120,0.005000,0.051070,0.006091,0.000098,0.000000,0.006091,1
457,0.009140,-0.000004,0.050000,0.009140,0.005000,0.051074,0.006091,0.000097,0.000000,0.006092,1
458,0.009160,-0.000004,0.050000,0.009160,0.005000,0.051077,0.006092,0.000097,0.000000,0.006092,1
459,0.009180,-0.000004,0.050000,0.009180,0.005000,0.051081,0.006092,0.000097,0.000000,0.006093,1
460,0.009200,-0.000004,0.050000,0.009200,0.005000,0.051085,0.006092,0.000097,0.000000,0.006093,1
461,0.009220,-0.000004,0.050000,0.009220,0.005000,0.051088,0.006093,0.000097,0.000000,0.006093,1
462,0.009240,-0.000004,0.050000,0.009240,0.005000,0.051092,0.006093,0.000097,0.000000,0.006094,1
463,0.009260,-0.000004,0.050000,0.009260,0.005000,0.051095,0.006094,0.000096,0.000000,0.006094,1
464,0.009280,-0.000004,0.050000,0.009280,0.005000,0.051099,0.006094,0.000096,0.000000,0.006095,1
465,0.009300,-0.000004,0.050000,0.009300,0.005000,0.051103,0.006094,0.000096,0.000000,0.006095,1
466,0.009320,-0.000004,0.050000,0.009320,0.005000,0.051106,0.006095,0.000096,0.000000,0.006096,1
467,0.009340,-0.000004,0.050000,0.009340,0.005000,0.051110,0.006095,0.000096,0.000000,0.006096,1
468,0.009360,-0.000004,0.050000,0.009360,0.005000,0.051114,0.006096,0.000096,0.000000,0.006096,1
469,0.009380,-0.000004,0.050000,0.009380,0.005000,0.051117,0.006096,0.000095,0.000000,0.006097,1
470,0.009400,-0.000004,0.050000,0.009400,0.005000,0.051121,0.006096,0.000095,0.000000,0.006097,1
471,0.009420,-0.000004,0.050000,0.009420,0.005000,0.051125,0.006097,0.000095,0.000000,0.006098,1
472,0.009440,-0.000004,0.050000,0.009440,0.005000,0.051128,0.006097,0.000095,0.000000,0.006098,1
473,0.009460,-0.000004,0.050000,0.009460,0.005000,0.051132,0.006098,0.000095,0.000000,0.006098,1
474,0.009480,-0.000004,0.050000,0.009480,0.005000,0.051136,0.006098,0.000095,0.000000,0.006099,1
475,0.009500,-0.000004,0.050000,0.009500,0.005000,0.051140,0.006098,0.000094,0.000000,0.006099,1
476,0.009520,-0.000004,0.050000,0.009520,0.005000,0.051143,0.006099,0.000094,0.000000,0.006100,1
477,0.009540,-0.000004,0.050000,0.009540,0.005000,0.051147,0.006099,0.000094,0.000000,0.006100,1
478,0.009560,-0.000004,0.050000,0.009560,0.005000,0.051151,0.006100,0.000094,0.000000,0.006100,1
479,0.009580,-0.000004,0.050000,0.009580,0.005000,0.051154,0.006100,0.000094,0.000000,0.006101,1
480,0.009600,-0.000004,0.050000,0.009600,0.005000,0.051158,0.006100,0.000094,0.000000,0.006101,1
481,0.009620,-0.000004,0.050000,0.009620,0.005000,0.051162,0.006101,0.000093,0.000000,0.006102,1
482,0.009640,-0.000004,0.050000,0.009640,0.005000,0.051166,0.006101,0.000093,0.000000,0.006102,1
483,0.009660,-0.000004,0.050000,0.009660,0.005000,0.051169,0.006102,0.000093,0.000000,0.006102,1
484,0.009680,-0.000004,0.050000,0.009680,0.005000,0.051173,0.006102,0.000093,0.000000,0.006103,1
485,0.009700,-0.000004,0.050000,0.009700,0.005000,0.051177,0.006102,0.000093,0.000000,0.006103,1
486,0.009720,-0.000004,0.050000,0.009720,0.005000,0.051181,0.006103,0.000093,0.000000,0.006104,1
487,0.009740,-0.000004,0.050000,0.009740,0.005000,0.051185,0.006103,0.000092,0.000000,0.006104,1
488,0.009760,-0.000004,0.050000,0.009760,0.005000,0.051188,0.006104,0.000092,0.000000,0.006104,1
489,0.009780,-0.000004,0.050000,0.009780,0.005000,0.051192,0.006104,0.000092,0.000000,0.006105,1
490,0.009800,-0.000004,0.050000,0.009800,0.005000,0.051196,0.006104,0.000092,0.000000,0.006105,1
491,0.009820,-0.000004,0.050000,0.009820,0.005000,0.051200,0.006105,0.000092,0.000000,0.006106,1
492,0.009840,-0.000004,0.050000,0.009840,0.005000,0.051204,0.006105,0.000092,0.000000,0.006106,1
493,0.009860,-0.000004,0.050000,0.009860,0.005000,0.051208,0.006106,0.000091,0.000000,0.006106,1
494,0.009880,-0.000004,0.050000,0.009880,0.005000,0.051211,0.006106,0.000091,0.000000,0.006107,1
495,0.009900,-0.000004,0.050000,0.009900,0.005000,0.051215,0.006106,0.000091,0.000000,0.006107,1
496,0.009920,-0.000004,0.050000,0.009920,0.005000,0.051219,0.006107,0.000091,0.000000,0.006108,1
497,0.009940,-0.000004,0.050000,0.009940,0.005000,0.051223,0.006107,0.000091,0.000000,0.006108,1
498,0.009960,-0.000004,0.050000,0.009960,0.005000,0.051227,0.006108,0.000091,0.000000,0.006108,1
499,0.009980,-0.000004,0.050000,0.009980,0.005000,0.051231,0.006108,0.000090,0.000000,0.006109,1
500,0.010000,-0.000004,0.050000,0.010000,0.005000,0.051235,0.006109,0.000090,0.000000,0.006109,1
501,0.010020,-0.000004,0.050000,0.010020,0.005000,0.051239,0.006106,0.000090,0.000000,0.006107,1
502,0.010040,-0.000004,0.050000,0.010040,0.005000,0.051243,0.006104,0.000090,0.000000,0.006105,1
503,0.010060,-0.000004,0.050000,0.010060,0.005000,0.051246,0.006102,0.000090,0.000000,0.006103,1
504,0.010080,-0.000004,0.050000,0.010080,0.005000,0.051250,0.006100,0.000090,0.000000,0.006101,1
505,0.010100,-0.000004,0.050000,0.010100,0.005000,0.051254,0.006098,0.000089,0.000000,0.006098,1
506,0.010120,-0.000004,0.050000,0.010120,0.005000,0.051258,0.006096,0.000089,0.000000,0.006096,1
507,0.010140,-0.000004,0.050000,0.010140,0.005000,0.051262,0.006093,0.000089,0.000000,0.006094,1
508,0.010160,-0.000004,0.050000,0.010160,0.005000,0.051266,0.006091,0.000089,0.000000,0.006092,1
509,0.010180,-0.000004,0.050000,0.010180,0.005000,0.051270,0.006089,0.000089,0.000000,0.006090,1
510,0.010200,-0.000004,0.050000,0.010200,0.005000,0.051274,0.006087,0.000088,0.000000,0.006088,1
511,0.010220,-0.000004,0.050000,0.010220,0.005000,0.051278,0.006085,0.000088,0.000000,0.006085,1
512,0.010240,-0.000004,0.050000,0.010240,0.005000,0.051282,0.006083,0.000088,0.000000,0.006083,1
513,0.010260,-0.000004,0.050000,0.010260,0.005000,0.051286,0.006080,0.000088,0.000000,0.006081,1
514,0.010280,-0.000004,0.050000,0.010280,0.005000,0.051290,0.006078,0.000088,0.000000,0.006079,1
515,0.010300,-0.000004,0.050000,0.010300,0.005000,0.051294,0.006076,0.000087,0.000000,0.006077,1
516,0.010320,-0.000004,0.050000,0.010320,0.005000,0.051298,0.006074,0.000087,0.000000,0.006075,1
517,0.010340,-0.000004,0.050000,0.010340,0.005000,0.051302,0.006072,0.000087,0.000000,0.006072,1
518,0.010360,-0.000004,0.050000,0.010360,0.005000,0.051306,0.006070,0.000087,0.000000,0.006070,1
519,0.010380,-0.000004,0.050000,0.010380,0.005000,0.051310,0.006067,0.000087,0.000000,0.006068,1
520,0.010400,-0.000004,0.050000,0.010400,0.005000,0.051314,0.006065,0.000087,0.000000,0.006066,1
521,0.010420,-0.000004,0.050000,0.010420,0.005000,0.051318,0.006063,0.000086,0.000000,0.006064,1
522,0.010440,-0.000004,0.050000,0.010440,0.005000,0.051322,0.006061,0.000086,0.000000,0.006062,1
523,0.010460,-0.000004,0.050000,0.010460,0.005000,0.051327,0.006059,0.000086,0.000000,0.006059,1
524,0.010480,-0.000004,0.050000,0.010480,0.005000,0.051331,0.006057,0.000086,0.000000,0.006057,1
525,0.010500,-0.000004,0.050000,0.010500,0.005000,0.051335,0.006054,0.000086,0.000000,0.006055,1
526,0.010520,-0.000004,0.050000,0.010520,0.005000,0.051339,0.006052,0.000085,0.000000,0.006053,1
527,0.010540,-0.000004,0.050000,0.010540,0.005000,0.051343,0.006050,0.000085,0.000000,0.006051,1
528,0.010560,-0.000004,0.050000,0.010560,0.005000,0.051347,0.006048,0.000085,0.000000,0.006049,1
529,0.010580,-0.000004,0.050000,0.010580,0.005000,0.051351,0.006046,0.000085,0.000000,0.006046,1
530,0.010600,-0.000004,0.050000,0.010600,0.005000,0.051355,0.006044,0.000085,0.000000,0.006044,1
531,0.010620,-0.000004,0.050000,0.010620,0.005000,0.051359,0.006042,0.000084,0.000000,0.006042,1
532,0.010640,-0.000004,0.050000,0.010640,0.005000,0.051364,0.006039,0.000084,0.000000,0.006040,1
533,0.010660,-0.000004,0.050000,0.010660,0.005000,0.051368,0.006037,0.000084,0.000000,0.006038,1
534,0.010680,-0.000004,0.050000,0.010680,0.005000,0.051372,0.006035,0.000084,0.000000,0.006036,1
535,0.010700,-0.000004,0.050000,0.010700,0.005000,0.051376,0.006033,0.000084,0.000000,0.006033,1
536,0.010720,-0.000004,0.050000,0.010720,0.005000,0.051380,0.006031,0.000084,0.000000,0.006031,1
537,0.010740,-0.000004,0.050000,0.010740,0.005000,0.051384,0.006029,0.000083,0.000000,0.006029,1
538,0.010760,-0.000004,0.050000,0.010760,0.005000,0.051388,0.006026,0.000083,0.000000,0.006027,1
539,0.010780,-0.000004,0.050000,0.010780,0.005000,0.051393,0.006024,0.000083,0.000000,0.006025,1
540,0.010800,-0.000004,0.050000,0.010800,0.005000,0.051397,0.006022,0.000083,-0.000000,0.006023,1
541,0.010820,-0.000004,0.050000,0.010820,0.005000,0.051401,0.006020,0.000083,-0.000000,0.006020,1
542,0.010840,-0.000004,0.050000,0.010840,0.005000,0.051405,0.006018,0.000082,-0.000000,0.006018,1
543,0.010860,-0.000004,0.050000,0.010860,0.005000,0.051410,0.006016,0.000082,-0.000000,0.006016,1
544,0.010880,-0.000004,0.050000,0.010880,0.005000,0.051414,0.006013,0.000082,-0.000000,0.006014,1
545,0.010900,-0.000004,0.050000,0.010900,0.005000,0.051418,0.006011,0.000082,-0.000000,0.006012,1
546,0.010920,-0.000004,0.050000,0.010920,0.005000,0.051422,0.006009,0.000082,-0.000000,0.006010,1
547,0.010940,-0.000004,0.050000,0.010940,0.005000,0.051426,0.006007,0.000082,-0.000000,0.006007,1
548,0.010960,-0.000004,0.050000,0.010960,0.005000,0.051431,0.006005,0.000081,-0.000000,0.006005,1
549,0.010980,-0.000004,0.050000,0.010980,0.005000,0.051435,0.006003,0.000081,-0.000000,0.006003,1
550,0.011000,-0.000004,0.050000,0.011000,0.005000,0.051439,0.006000,0.000081,-0.000000,0.006001,1
551,0.011020,-0.000004,0.050000,0.011020,0.005000,0.051444,0.005998,0.000081,-0.000000,0.005999,1
552,0.011040,-0.000004,0.050000,0.011040,0.005000,0.051448,0.005996,0.000081,-0.000000,0.005997,1
553,0.011060,-0.000004,0.050000,0.011060,0.005000,0.051452,0.005994,0.000080,-0.000000,0.005995,1
554,0.011080,-0.000004,0.050000,0.011080,0.005000,0.051456,0.005992,0.000080,-0.000000,0.005992,1
555,0.011100,-0.000004,0.050000,0.011100,0.005000,0.051461,0.005990,0.000080,-0.000000,0.005990,1
556,0.011120,-0.000004,0.050000,0.011120,0.005000,0.051465,0.005987,0.000080,-0.000000,0.005988,1
557,0.011140,-0.000004,0.050000,0.011140,0.005000,0.051469,0.005985,0.000080,-0.000000,0.005986,1
558,0.011160,-0.000004,0.050000,0.011160,0.005000,0.051474,0.005983,0.000079,-0.000000,0.005984,1
559,0.011180,-0.000004,0.050000,0.011180,0.005000,0.051478,0.005981,0.000079,-0.000000,0.005982,1
560,0.011200,-0.000004,0.050000,0.011200,0.005000,0.051482,0.005979,0.000079,-0.000000,0.005979,1
561,0.011220,-0.000004,0.050000,0.011220,0.005000,0.051487,0.005977,0.000079,-0.000000,0.005977,1
562,0.011240,-0.000004,0.050000,0.011240,0.005000,0.051491,0.005975,0.000079,-0.000000,0.005975,1
563,0.011260,-0.000004,0.050000,0.011260,0.005000,0.051496,0.005971,0.000079,-0.000000,0.005972,1
564,0.011280,-0.000004,0.050000,0.011280,0.005000,0.051500,0.005967,0.000078,-0.000000,0.005967,1
565,0.011300,-0.000004,0.050000,0.011300,0.005000,0.051504,0.005962,0.000078,-0.000000,0.005962,1
566,0.011320,-0.000004,0.050000,0.011320,0.005000,0.051509,0.005957,0.000078,-0.000000,0.005957,1
567,0.011340,-0.000004,0.050000,0.011340,0.005000,0.051513,0.005952,0.000078,-0.000000,0.005953,1
568,0.011360,-0.000004,0.050000,0.011360,0.005000,0.051517,0.005947,0.000077,-0.000000,0.005948,1
569,0.011380,-0.000004,0.050000,0.011380,0.005000,0.051522,0.005942,0.000077,-0.000000,0.005943,1
570,0.011400,-0.000004,0.050000,0.011400,0.005000,0.051526,0.005938,0.000077,-0.000000,0.005938,1
571,0.011420,-0.000004,0.050000,0.011420,0.005000,0.051531,0.005933,0.000077,-0.000000,0.005933,1
572,0.011440,-0.000004,0.050000,0.011440,0.005000,0.051535,0.005928,0.000077,-0.000000,0.005928,1
573,0.011460,-0.000004,0.050000,0.011460,0.005000,0.051540,0.005923,0.000076,-0.000000,0.005924,1
574,0.011480,-0.000004,0.050000,0.011480,0.005000,0.051544,0.005918,0.000076,0.000000,0.005919,1
575,0.011500,-0.000004,0.050000,0.011500,0.005000,0.051549,0.005913,0.000076,0.000000,0.005914,1
576,0.011520,-0.000004,0.050000,0.011520,0.005000,0.051553,0.005909,0.000076,0.000000,0.005909,1
577,0.011540,-0.000004,0.050000,0.011540,0.005000,0.051557,0.005904,0.000076,0.000000,0.005904,1
578,0.011560,-0.000004,0.050000,0.011560,0.005000,0.051562,0.005899,0.000075,0.000000,0.005899,1
579,0.011580,-0.000004,0.050000,0.011580,0.005000,0.051566,0.005894,0.000075,0.000000,0.005895,1
580,0.011600,-0.000004,0.050000,0.011600,0.005000,0.051571,0.005889,0.000075,0.000000,0.005890,1
581,0.011620,-0.000004,0.050000,0.011620,0.005000,0.051575,0.005884,0.000075,0.000000,0.005885,1
582,0.011640,-0.000004,0.050000,0.011640,0.005000,0.051580,0.005880,0.000075,0.000000,0.005880,1
583,0.011660,-0.000004,0.050000,0.011660,0.005000,0.051584,0.005875,0.000074,0.000000,0.005875,1
584,0.011680,-0.000004,0.050000,0.011680,0.005000,0.051589,0.005870,0.000074,0.000000,0.005870,1
585,0.011700,-0.000004,0.050000,0.011700,0.005000,0.051594,0.005865,0.000074,0.000000,0.005866,1
586,0.011720,-0.000004,0.050000,0.011720,0.005000,0.051598,0.005860,0.000074,0.000000,0.005861,1
587,0.011740,-0.000004,0.050000,0.011740,0.005000,0.051603,0.005856,0.000073,0.000000,0.005856,1
588,0.011760,-0.000004,0.050000,0.011760,0.005000,0.051607,0.005851,0.000073,0.000000,0.005851,1
589,0.011780,-0.000004,0.050000,0.011780,0.005000,0.051612,0.005846,0.000073,0.000000,0.005846,1
590,0.011800,-0.000004,0.050000,0.011800,0.005000,0.051616,0.005841,0.000073,0.000000,0.005841,1
591,0.011820,-0.000004,0.050000,0.011820,0.005000,0.051621,0.005836,0.000073,0.000000,0.005837,1
592,0.011840,-0.000004,0.050000,0.011840,0.005000,0.051625,0.005831,0.000072,0.000000,0.005832,1
593,0.011860,-0.000004,0.050000,0.011860,0.005000,0.051630,0.005827,0.000072,0.000000,0.005827,1
594,0.011880,-0.000004,0.050000,0.011880,0.005000,0.051635,0.005822,0.000072,0.000000,0.005822,1
595,0.011900,-0.000004,0.050000,0.011900,0.005000,0.051639,0.005817,0.000072,0.000000,0.005817,1
596,0.011920,-0.000004,0.050000,0.011920,0.005000,0.051644,0.005812,0.000072,0.000000,0.005813,1
597,0.011940,-0.000004,0.050000,0.011940,0.005000,0.051648,0.005807,0.000071,0.000000,0.005808,1
598,0.011960,-0.000004,0.050000,0.011960,0.005000,0.051653,0.005802,0.000071,0.000000,0.005803,1
599,0.011980,-0.000004,0.050000,0.011980,0.005000,0.051658,0.005798,0.000071,0.000000,0.005798,1
600,0.012000,-0.000004,0.050000,0.012000,0.005000,0.051662,0.005793,0.000071,0.000000,0.005793,1
601,0.012020,-0.000004,0.050000,0.012020,0.005000,0.051667,0.005788,0.000071,0.000000,0.005788,1
602,0.012040,-0.000004,0.050000,0.012040,0.005000,0.051672,0.005783,0.000070,0.000000,0.005784,1
603,0.012060,-0.000004,0.050000,0.012060,0.005000,0.051676,0.005778,0.000070,0.000000,0.005779,1
604,0.012080,-0.000004,0.050000,0.012080,0.005000,0.051681,0.005773,0.000070,0.000000,0.005774,1
605,0.012100,-0.000004,0.050000,0.012100,0.005000,0.051686,0.005769,0.000070,0.000000,0.005769,1
606,0.012120,-0.000004,0.050000,0.012120,0.005000,0.051690,0.005764,0.000069,0.000000,0.005764,1
607,0.012140,-0.000004,0.050000,0.012140,0.005000,0.051695,0.005759,0.000069,0.000000,0.005759,1
608,0.012160,-0.000004,0.050000,0.012160,0.005000,0.051700,0.005754,0.000069,0.000000,0.005755,1
609,0.012180,-0.000004,0.050000,0.012180,0.005000,0.051704,0.005749,0.000069,0.000000,0.005750,1
610,0.012200,-0.000004,0.050000,0.012200,0.005000,0.051709,0.005745,0.000069,0.000000,0.005745,1
611,0.012220,-0.000004,0.050000,0.012220,0.005000,0.051714,0.005740,0.000068,0.000000,0.005740,1
612,0.012240,-0.000004,0.050000,0.012240,0.005000,0.051719,0.005735,0.000068,0.000000,0.005735,1
613,0.012260,-0.000004,0.050000,0.012260,0.005000,0.051723,0.005730,0.000068,0.000000,0.005730,1
614,0.012280,-0.000004,0.050000,0.012280,0.005000,0.051728,0.005725,0.000068,0.000000,0.005726,1
615,0.012300,-0.000004,0.050000,0.012300,0.005000,0.051733,0.005720,0.000068,0.000000,0.005721,1
616,0.012320,-0.000004,0.050000,0.012320,0.005000,0.051738,0.005716,0.000067,0.000000,0.005716,1
617,0.012340,-0.000004,0.050000,0.012340,0.005000,0.051742,0.005711,0.000067,0.000000,0.005711,1
618,0.012360,-0.000004,0.050000,0.012360,0.005000,0.051747,0.005706,0.000067,0.000000,0.005706,1
619,0.012380,-0.000004,0.050000,0.012380,0.005000,0.051752,0.005699,0.000067,0.000000,0.005699,1
620,0.012400,-0.000004,0.050000,0.012400,0.005000,0.051757,0.005692,0.000066,0.000000,0.005692,1
621,0.012420,-0.000004,0.050000,0.012420,0.005000,0.051762,0.005685,0.000066,0.000000,0.005685,1
622,0.012440,-0.000004,0.050000,0.012440,0.005000,0.051766,0.005677,0.000066,0.000000,0.005678,1
623,0.012460,-0.000004,0.050000,0.012460,0.005000,0.051771,0.005670,0.000066,0.000000,0.005671,1
624,0.012480,-0.000004,0.050000,0.012480,0.005000,0.051776,0.005663,0.000066,0.000000,0.005664,1
625,0.012500,-0.000004,0.050000,0.012500,0.005000,0.051781,0.005656,0.000065,0.000000,0.005656,1
626,0.012520,-0.000004,0.050000,0.012520,0.005000,0.051786,0.005649,0.000065,0.000000,0.005649,1
627,0.012540,-0.000004,0.050000,0.012540,0.005000,0.051790,0.005642,0.000065,0.000000,0.005642,1
628,0.012560,-0.000004,0.050000,0.012560,0.005000,0.051795,0.005634,0.000065,0.000000,0.005635,1
629,0.012580,-0.000004,0.050000,0.012580,0.005000,0.051800,0.005627,0.000064,0.000000,0.005628,1
630,0.012600,-0.000004,0.050000,0.012600,0.005000,0.051805,0.005620,0.000064,0.000000,0.005621,1
631,0.012620,-0.000004,0.050000,0.012620,0.005000,0.051810,0.005613,0.000064,0.000000,0.005613,1
632,0.012640,-0.000004,0.050000,0.012640,0.005000,0.051815,0.005606,0.000064,0.000000,0.005606,1
633,0.012660,-0.000004,0.050000,0.012660,0.005000,0.051820,0.005599,0.000063,0.000000,0.005599,1
634,0.012680,-0.000004,0.050000,0.012680,0.005000,0.051825,0.005592,0.000063,0.000000,0.005592,1
635,0.012700,-0.000004,0.050000,0.012700,0.005000,0.051829,0.005584,0.000063,0.000000,0.005585,1
636,0.012720,-0.000004,0.050000,0.012720,0.005000,0.051834,0.005577,0.000063,0.000000,0.005578,1
637,0.012740,-0.000004,0.050000,0.012740,0.005000,0.051839,0.005570,0.000063,0.000000,0.005570,1
638,0.012760,-0.000004,0.050000,0.012760,0.005000,0.051844,0.005563,0.000062,0.000000,0.005563,1
639,0.012780,-0.000004,0.050000,0.012780,0.005000,0.051849,0.005556,0.000062,0.000000,0.005556,1
640,0.012800,-0.000004,0.050000,0.012800,0.005000,0.051854,0.005549,0.000062,0.000000,0.005549,1
641,0.012820,-0.000004,0.050000,0.012820,0.005000,0.051859,0.005541,0.000062,0.000000,0.005542,1
642,0.012840,-0.000004,0.050000,0.012840,0.005000,0.051864,0.005534,0.000061,0.000000,0.005535,1
643,0.012860,-0.000004,0.050000,0.012860,0.005000,0.051869,0.005527,0.000061,0.000000,0.005527,1
644,0.012880,-0.000004,0.050000,0.012880,0.005000,0.051874,0.005520,0.000061,0.000000,0.005520,1
645,0.012900,-0.000004,0.050000,0.012900,0.005000,0.051879,0.005513,0.000061,0.000000,0.005513,1
646,0.012920,-0.000004,0.050000,0.012920,0.005000,0.051884,0.005506,0.000061,0.000000,0.005506,1
647,0.012940,-0.000004,0.050000,0.012940,0.005000,0.051889,0.005498,0.000060,0.000000,0.005499,1
648,0.012960,-0.000004,0.050000,0.012960,0.005000,0.051894,0.005491,0.000060,0.000000,0.005492,1
649,0.012980,-0.000004,0.050000,0.012980,0.005000,0.051899,0.005484,0.000060,0.000000,0.005484,1
650,0.013000,-0.000004,0.050000,0.013000,0.005000,0.051904,0.005477,0.000060,0.000000,0.005477,1
651,0.013020,-0.000004,0.050000,0.013020,0.005000,0.051909,0.005470,0.000059,0.000000,0.005470,1
652,0.013040,-0.000004,0.050000,0.013040,0.005000,0.051914,0.005463,0.000059,0.000000,0.005463,1
653,0.013060,-0.000004,0.050000,0.013060,0.005000,0.051919,0.005455,0.000059,0.000000,0.005456,1
654,0.013080,-0.000004,0.050000,0.013080,0.005000,0.051924,0.005448,0.000059,0.000000,0.005449,1
655,0.013100,-0.000004,0.050000,0.013100,0.005000,0.051929,0.005441,0.000058,0.000000,0.005441,1
656,0.013120,-0.000004,0.050000,0.013120,0.005000,0.051934,0.005434,0.000058,0.000000,0.005434,1
657,0.013140,-0.000004,0.050000,0.013140,0.005000,0.051939,0.005427,0.000058,0.000000,0.005427,1
658,0.013160,-0.000004,0.050000,0.013160,0.005000,0.051944,0.005420,0.000058,0.000000,0.005420,1
659,0.013180,-0.000004,0.050000,0.013180,0.005000,0.051949,0.005412,0.000058,0.000000,0.005413,1
660,0.013200,-0.000004,0.050000,0.013200,0.005000,0.051954,0.005405,0.000057,0.000000,0.005406,1
661,0.013220,-0.000004,0.050000,0.013220,0.005000,0.051959,0.005398,0.000057,0.000000,0.005398,1
662,0.013240,-0.000004,0.050000,0.013240,0.005000,0.051964,0.005391,0.000057,0.000000,0.005391,1
663,0.013260,-0.000004,0.050000,0.013260,0.005000,0.051969,0.005384,0.000057,0.000000,0.005384,1
664,0.013280,-0.000004,0.050000,0.013280,0.005000,0.051975,0.005377,0.000056,0.000000,0.005377,1
665,0.013300,-0.000004,0.050000,0.013300,0.005000,0.051980,0.005369,0.000056,0.000000,0.005370,1
666,0.013320,-0.000004,0.050000,0.013320,0.005000,0.051985,0.005362,0.000056,0.000000,0.005363,1
667,0.013340,-0.000004,0.050000,0.013340,0.005000,0.051990,0.005355,0.000056,0.000000,0.005355,1
668,0.013360,-0.000004,0.050000,0.013360,0.005000,0.051995,0.005346,0.000056,0.000000,0.005347,1
669,0.013380,-0.000004,0.050000,0.013380,0.005000,0.052000,0.005337,0.000055,0.000000,0.005337,1
670,0.013400,-0.000004,0.050000,0.013400,0.005000,0.052005,0.005328,0.000055,0.000000,0.005328,1
671,0.013420,-0.000004,0.050000,0.013420,0.005000,0.052011,0.005319,0.000055,0.000000,0.005319,1
672,0.013440,-0.000004,0.050000,0.013440,0.005000,0.052016,0.005310,0.000055,0.000000,0.005310,1
673,0.013460,-0.000004,0.050000,0.013460,0.005000,0.052021,0.005300,0.000054,0.000000,0.005301,1
674,0.013480,-0.000004,0.050000,0.013480,0.005000,0.052026,0.005291,0.000054,0.000000,0.005292,1
675,0.013500,-0.000004,0.050000,0.013500,0.005000,0.052031,0.005282,0.000054,0.000000,0.005282,1
676,0.013520,-0.000004,0.050000,0.013520,0.005000,0.052036,0.005273,0.000054,0.000000,0.005273,1
677,0.013540,-0.000004,0.050000,0.013540,0.005000,0.052042,0.005264,0.000053,0.000000,0.005264,1
678,0.013560,-0.000004,0.050000,0.013560,0.005000,0.052047,0.005254,0.000053,0.000000,0.005255,1
679,0.013580,-0.000004,0.050000,0.013580,0.005000,0.052052,0.005245,0.000053,0.000000,0.005246,1
680,0.013600,-0.000004,0.050000,0.013600,0.005000,0.052057,0.005236,0.000053,0.000000,0.005236,1
681,0.013620,-0.000004,0.050000,0.013620,0.005000,0.052063,0.005227,0.000052,0.000000,0.005227,1
682,0.013640,-0.000004,0.050000,0.013640,0.005000,0.052068,0.005218,0.000052,0.000000,0.005218,1
683,0.013660,-0.000004,0.050000,0.013660,0.005000,0.052073,0.005208,0.000052,0.000000,0.005209,1
684,0.013680,-0.000004,0.050000,0.013680,0.005000,0.052078,0.005199,0.000052,0.000000,0.005200,1
685,0.013700,-0.000004,0.050000,0.013700,0.005000,0.052083,0.005190,0.000051,0.000000,0.005190,1
686,0.013720,-0.000004,0.050000,0.013720,0.005000,0.052089,0.005181,0.000051,0.000000,0.005181,1
687,0.013740,-0.000004,0.050000,0.013740,0.005000,0.052094,0.005172,0.000051,0.000000,0.005172,1
688,0.013760,-0.000004,0.050000,0.013760,0.005000,0.052099,0.005163,0.000051,0.000000,0.005163,1
689,0.013780,-0.000004,0.050000,0.013780,0.005000,0.052105,0.005153,0.000051,0.000000,0.005154,1
690,0.013800,-0.000004,0.050000,0.013800,0.005000,0.052110,0.005144,0.000050,0.000000,0.005144,1
691,0.013820,-0.000004,0.050000,0.013820,0.005000,0.052115,0.005135,0.000050,0.000000,0.005135,1
692,0.013840,-0.000004,0.050000,0.013840,0.005000,0.052120,0.005126,0.000050,0.000000,0.005126,1
693,0.013860,-0.000004,0.050000,0.013860,0.005000,0.052126,0.005117,0.000050,0.000000,0.005117,1
694,0.013880,-0.000004,0.050000,0.013880,0.005000,0.052131,0.005107,0.000049,0.000000,0.005108,1
695,0.013900,-0.000004,0.050000,0.013900,0.005000,0.052136,0.005098,0.000049,0.000000,0.005098,1
696,0.013920,-0.000004,0.050000,0.013920,0.005000,0.052142,0.005089,0.000049,0.000000,0.005089,1
697,0.013940,-0.000004,0.050000,0.013940,0.005000,0.052147,0.005080,0.000049,0.000000,0.005080,1
698,0.013960,-0.000004,0.050000,0.013960,0.005000,0.052152,0.005071,0.000048,0.000000,0.005071,1
699,0.013980,-0.000004,0.050000,0.013980,0.005000,0.052158,0.005061,0.000048,0.000000,0.005062,1
700,0.014000,-0.000004,0.050000,0.014000,0.005000,0.052163,0.005052,0.000048,0.000000,0.005052,1
701,0.014020,-0.000004,0.050000,0.014020,0.005000,0.052169,0.005043,0.000048,0.000000,0.005043,1
702,0.014040,-0.000004,0.050000,0.014040,0.005000,0.052174,0.005034,0.000047,0.000000,0.005034,1
703,0.014060,-0.000004,0.050000,0.014060,0.005000,0.052179,0.005025,0.000047,0.000000,0.005025,1
704,0.014080,-0.000004,0.050000,0.014080,0.005000,0.052185,0.005015,0.000047,0.000000,0.005016,1
705,0.014100,-0.000004,0.050000,0.014100,0.005000,0.052190,0.005006,0.000047,0.000000,0.005006,1
706,0.014120,-0.000004,0.050000,0.014120,0.005000,0.052196,0.004997,0.000046,0.000000,0.004997,1
707,0.014140,-0.000004,0.050000,0.014140,0.005000,0.052201,0.004988,0.000046,0.000000,0.004988,1
708,0.014160,-0.000004,0.050000,0.014160,0.005000,0.052206,0.004979,0.000046,0.000000,0.004979,1
709,0.014180,-0.000004,0.050000,0.014180,0.005000,0.052212,0.004969,0.000046,0.000000,0.004970,1
710,0.014200,-0.000004,0.050000,0.014200,0.005000,0.052217,0.004960,0.000045,0.000000,0.004960,1
711,0.014220,-0.000004,0.050000,0.014220,0.005000,0.052223,0.004951,0.000045,0.000000,0.004951,1
712,0.014240,-0.000004,0.050000,0.014240,0.005000,0.052228,0.004940,0.000045,0.000000,0.004940,1
713,0.014260,-0.000004,0.050000,0.014260,0.005000,0.052234,0.004929,0.000045,0.000000,0.004929,1
714,0.014280,-0.000004,0.050000,0.014280,0.005000,0.052239,0.004918,0.000045,0.000000,0.004918,1
715,0.014300,-0.000004,0.050000,0.014300,0.005000,0.052245,0.004907,0.000044,0.000000,0.004907,1
716,0.014320,-0.000004,0.050000,0.014320,0.005000,0.052250,0.004896,0.000044,0.000000,0.004896,1
717,0.014340,-0.000004,0.050000,0.014340,0.005000,0.052255,0.004885,0.000044,0.000000,0.004885,1
718,0.014360,-0.000004,0.050000,0.014360,0.005000,0.052261,0.004874,0.000044,0.000000,0.004874,1
719,0.014380,-0.000004,0.050000,0.014380,0.005000,0.052266,0.004863,0.000043,0.000000,0.004863,1
720,0.014400,-0.000004,0.050000,0.014400,0.005000,0.052272,0.004852,0.000043,0.000000,0.004852,1
721,0.014420,-0.000004,0.050000,0.014420,0.005000,0.052277,0.004841,0.000043,0.000000,0.004841,1
722,0.014440,-0.000004,0.050000,0.014440,0.005000,0.052283,0.004830,0.000043,0.000000,0.004830,1
723,0.014460,-0.000004,0.050000,0.014460,0.005000,0.052289,0.004819,0.000042,0.000000,0.004819,1
724,0.014480,-0.000004,0.050000,0.014480,0.005000,0.052294,0.004808,0.000042,0.000000,0.004808,1
725,0.014500,-0.000004,0.050000,0.014500,0.005000,0.052300,0.004797,0.000042,0.000000,0.004797,1
726,0.014520,-0.000004,0.050000,0.014520,0.005000,0.052305,0.004786,0.000042,0.000000,0.004786,1
727,0.014540,-0.000004,0.050000,0.014540,0.005000,0.052311,0.004775,0.000041,0.000000,0.004775,1
728,0.014560,-0.000004,0.050000,0.014560,0.005000,0.052316,0.004764,0.000041,0.000000,0.004764,1
729,0.014580,-0.000004,0.050000,0.014580,0.005000,0.052322,0.004753,0.000041,0.000000,0.004753,1
730,0.014600,-0.000004,0.050000,0.014600,0.005000,0.052327,0.004742,0.000041,0.000000,0.004742,1
731,0.014620,-0.000004,0.050000,0.014620,0.005000,0.052333,0.004731,0.000040,0.000000,0.004731,1
732,0.014640,-0.000004,0.050000,0.014640,0.005000,0.052339,0.004720,0.000040,0.000000,0.004720,1
733,0.014660,-0.000004,0.050000,0.014660,0.005000,0.052344,0.004709,0.000040,0.000000,0.004709,1
734,0.014680,-0.000004,0.050000,0.014680,0.005000,0.052350,0.004698,0.000040,0.000000,0.004698,1
735,0.014700,-0.000004,0.050000,0.014700,0.005000,0.052355,0.004687,0.000039,0.000000,0.004687,1
736,0.014720,-0.000004,0.050000,0.014720,0.005000,0.052361,0.004676,0.000039,0.000000,0.004676,1
737,0.014740,-0.000004,0.050000,0.014740,0.005000,0.052367,0.004665,0.000039,0.000000,0.004665,1
738,0.014760,-0.000004,0.050000,0.014760,0.005000,0.052372,0.004654,0.000039,0.000000,0.004654,1
739,0.014780,-0.000004,0.050000,0.014780,0.005000,0.052378,0.004643,0.000038,0.000000,0.004643,1
740,0.014800,-0.000004,0.050000,0.014800,0.005000,0.052384,0.004632,0.000038,0.000000,0.004632,1
741,0.014820,-0.000004,0.050000,0.014820,0.005000,0.052389,0.004621,0.000038,0.000000,0.004621,1
742,0.014840,-0.000004,0.050000,0.014840,0.005000,0.052395,0.004610,0.000038,0.000000,0.004610,1
743,0.014860,-0.000004,0.050000,0.014860,0.005000,0.052401,0.004599,0.000037,0.000000,0.004599,1
744,0.014880,-0.000004,0.050000,0.014880,0.005000,0.052406,0.004588,0.000037,0.000000,0.004588,1
745,0.014900,-0.000004,0.050000,0.014900,0.005000,0.052412,0.004577,0.000037,0.000000,0.004577,1
746,0.014920,-0.000004,0.050000,0.014920,0.005000,0.052418,0.004566,0.000037,0.000000,0.004566,1
747,0.014940,-0.000004,0.050000,0.014940,0.005000,0.052423,0.004555,0.000037,0.000000,0.004555,1
748,0.014960,-0.000004,0.050000,0.014960,0.005000,0.052429,0.004544,0.000036,0.000000,0.004544,1
749,0.014980,-0.000004,0.050000,0.014980,0.005000,0.052435,0.004533,0.000036,0.000000,0.004533,1
750,0.015000,-0.000004,0.050000,0.015000,0.005000,0.052440,0.004520,0.000036,0.000000,0.004521,1
751,0.015020,-0.000004,0.050000,0.015020,0.005000,0.052446,0.004508,0.000036,0.000000,0.004508,1
752,0.015040,-0.000004,0.050000,0.015040,0.005000,0.052452,0.004495,0.000035,0.000000,0.004495,1
753,0.015060,-0.000004,0.050000,0.015060,0.005000,0.052458,0.004483,0.000035,0.000000,0.004483,1
754,0.015080,-0.000004,0.050000,0.015080,0.005000,0.052463,0.004470,0.000035,0.000000,0.004470,1
755,0.015100,-0.000004,0.050000,0.015100,0.005000,0.052469,0.004457,0.000035,0.000000,0.004457,1
756,0.015120,-0.000004,0.050000,0.015120,0.005000,0.052475,0.004445,0.000034,0.000000,0.004445,1
757,0.015140,-0.000004,0.050000,0.015140,0.005000,0.052481,0.004432,0.000034,0.000000,0.004432,1
758,0.015160,-0.000004,0.050000,0.015160,0.005000,0.052486,0.004419,0.000034,0.000000,0.004420,1
759,0.015180,-0.000004,0.050000,0.015180,0.005000,0.052492,0.004407,0.000034,0.000000,0.004407,1
760,0.015200,-0.000004,0.050000,0.015200,0.005000,0.052498,0.004394,0.000033,0.000000,0.004394,1
761,0.015220,-0.000004,0.050000,0.015220,0.005000,0.052504,0.004382,0.000033,0.000000,0.004382,1
762,0.015240,-0.000004,0.050000,0.015240,0.005000,0.052510,0.004369,0.000033,0.000000,0.004369,1
763,0.015260,-0.000004,0.050000,0.015260,0.005000,0.052515,0.004356,0.000033,0.000000,0.004356,1
764,0.015280,-0.000004,0.050000,0.015280,0.005000,0.052521,0.004344,0.000032,0.000000,0.004344,1
765,0.015300,-0.000004,0.050000,0.015300,0.005000,0.052527,0.004331,0.000032,0.000000,0.004331,1
766,0.015320,-0.000004,0.050000,0.015320,0.005000,0.052533,0.004318,0.000032,0.000000,0.004319,1
767,0.015340,-0.000004,0.050000,0.015340,0.005000,0.052539,0.004306,0.000032,0.000000,0.004306,1
768,0.015360,-0.000004,0.050000,0.015360,0.005000,0.052545,0.004293,0.000031,0.000000,0.004293,1
769,0.015380,-0.000004,0.050000,0.015380,0.005000,0.052550,0.004281,0.000031,0.000000,0.004281,1
770,0.015400,-0.000004,0.050000,0.015400,0.005000,0.052556,0.004268,0.000031,0.000000,0.004268,1
771,0.015420,-0.000004,0.050000,0.015420,0.005000,0.052562,0.004255,0.000031,0.000000,0.004255,1
772,0.015440,-0.000004,0.050000,0.015440,0.005000,0.052568,0.004243,0.000031,0.000000,0.004243,1
773,0.015460,-0.000004,0.050000,0.015460,0.005000,0.052574,0.004230,0.000030,0.000000,0.004230,1
774,0.015480,-0.000004,0.050000,0.015480,0.005000,0.052580,0.004217,0.000030,0.000000,0.004218,1
775,0.015500,-0.000004,0.050000,0.015500,0.005000,0.052586,0.004205,0.000030,0.000000,0.004205,1
776,0.015520,-0.000004,0.050000,0.015520,0.005000,0.052592,0.004192,0.000030,0.000000,0.004192,1
777,0.015540,-0.000004,0.050000,0.015540,0.005000,0.052597,0.004180,0.000029,0.000000,0.004180,1
778,0.015560,-0.000004,0.050000,0.015560,0.005000,0.052603,0.004167,0.000029,0.000000,0.004167,1
779,0.015580,-0.000004,0.050000,0.015580,0.005000,0.052609,0.004154,0.000029,0.000000,0.004154,1
780,0.015600,-0.000004,0.050000,0.015600,0.005000,0.052615,0.004142,0.000029,0.000000,0.004142,1
781,0.015620,-0.000004,0.050000,0.015620,0.005000,0.052621,0.004129,0.000028,0.000000,0.004129,1
782,0.015640,-0.000004,0.050000,0.015640,0.005000,0.052627,0.004117,0.000028,0.000000,0.004117,1
783,0.015660,-0.000004,0.050000,0.015660,0.005000,0.052633,0.004104,0.000028,0.000000,0.004104,1
784,0.015680,-0.000004,0.050000,0.015680,0.005000,0.052639,0.004090,0.000028,0.000000,0.004091,1
785,0.015700,-0.000004,0.050000,0.015700,0.005000,0.052645,0.004076,0.000027,0.000000,0.004076,1
786,0.015720,-0.000004,0.050000,0.015720,0.005000,0.052651,0.004062,0.000027,0.000000,0.004062,1
787,0.015740,-0.000004,0.050000,0.015740,0.005000,0.052657,0.004048,0.000027,0.000000,0.004048,1
788,0.015760,-0.000004,0.050000,0.015760,0.005000,0.052663,0.004034,0.000027,0.000000,0.004034,1
789,0.015780,-0.000004,0.050000,0.015780,0.005000,0.052669,0.004020,0.000027,0.000000,0.004020,1
790,0.015800,-0.000004,0.050000,0.015800,0.005000,0.052675,0.004006,0.000026,0.000000,0.004006,1
791,0.015820,-0.000004,0.050000,0.015820,0.005000,0.052681,0.003992,0.000026,0.000000,0.003992,1
792,0.015840,-0.000004,0.050000,0.015840,0.005000,0.052687,0.003978,0.000026,0.000000,0.003978,1
793,0.015860,-0.000004,0.050000,0.015860,0.005000,0.052693,0.003964,0.000026,0.000000,0.003964,1
794,0.015880,-0.000004,0.050000,0.015880,0.005000,0.052699,0.003949,0.000025,0.000000,0.003950,1
795,0.015900,-0.000004,0.050000,0.015900,0.005000,0.052705,0.003935,0.000025,0.000000,0.003935,1
796,0.015920,-0.000004,0.050000,0.015920,0.005000,0.052711,0.003921,0.000025,0.000000,0.003921,1
797,0.015940,-0.000004,0.050000,0.015940,0.005000,0.052717,0.003907,0.000025,0.000000,0.003907,1
798,0.015960,-0.000004,0.050000,0.015960,0.005000,0.052723,0.003893,0.000024,0.000000,0.003893,1
799,0.015980,-0.000004,0.050000,0.015980,0.005000,0.052729,0.003879,0.000024,0.000000,0.003879,1
800,0.016000,-0.000004,0.050000,0.016000,0.005000,0.052735,0.003865,0.000024,0.000000,0.003865,1
801,0.016020,-0.000004,0.050000,0.016020,0.005000,0.052741,0.003851,0.000024,0.000000,0.003851,1
802,0.016040,-0.000004,0.050000,0.016040,0.005000,0.052747,0.003837,0.000024,0.000000,0.003837,1
803,0.016060,-0.000004,0.050000,0.016060,0.005000,0.052753,0.003823,0.000023,0.000000,0.003823,1
804,0.016080,-0.000004,0.050000,0.016080,0.005000,0.052760,0.003808,0.000023,0.000000,0.003809,1
805,0.016100,-0.000004,0.050000,0.016100,0.005000,0.052766,0.003794,0.000023,-0.000000,0.003794,1
806,0.016120,-0.000004,0.050000,0.016120,0.005000,0.052772,0.003780,0.000023,-0.000000,0.003780,1
807,0.016140,-0.000004,0.050000,0.016140,0.005000,0.052778,0.003766,0.000022,-0.000000,0.003766,1
808,0.016160,-0.000004,0.050000,0.016160,0.005000,0.052784,0.003752,0.000022,-0.000000,0.003752,1
809,0.016180,-0.000004,0.050000,0.016180,0.005000,0.052790,0.003738,0.000022,-0.000000,0.003738,1
810,0.016200,-0.000004,0.050000,0.016200,0.005000,0.052796,0.003724,0.000022,-0.000000,0.003724,1
811,0.016220,-0.000004,0.050000,0.016220,0.005000,0.052802,0.003710,0.000022,-0.000000,0.003710,1
812,0.016240,-0.000004,0.050000,0.016240,0.005000,0.052809,0.003696,0.000021,-0.000000,0.003696,1
813,0.016260,-0.000004,0.050000,0.016260,0.005000,0.052815,0.003682,0.000021,-0.000000,0.003682,1
814,0.016280,-0.000004,0.050000,0.016280,0.005000,0.052821,0.003667,0.000021,-0.000000,0.003667,1
815,0.016300,-0.000004,0.050000,0.016300,0.005000,0.052827,0.003652,0.000021,-0.000000,0.003652,1
816,0.016320,-0.000004,0.050000,0.016320,0.005000,0.052833,0.003636,0.000020,-0.000000,0.003636,1
817,0.016340,-0.000004,0.050000,0.016340,0.005000,0.052839,0.003621,0.000020,-0.000000,0.003621,1
818,0.016360,-0.000004,0.050000,0.016360,0.005000,0.052846,0.003605,0.000020,-0.000000,0.003605,1
819,0.016380,-0.000004,0.050000,0.016380,0.005000,0.052852,0.003590,0.000020,-0.000000,0.003590,1
820,0.016400,-0.000004,0.050000,0.016400,0.005000,0.052858,0.003574,0.000020,-0.000000,0.003574,1
821,0.016420,-0.000004,0.050000,0.016420,0.005000,0.052864,0.003559,0.000019,-0.000000,0.003559,1
822,0.016440,-0.000004,0.050000,0.016440,0.005000,0.052870,0.003543,0.000019,-0.000000,0.003543,1
823,0.016460,-0.000004,0.050000,0.016460,0.005000,0.052877,0.003528,0.000019,-0.000000,0.003528,1
824,0.016480,-0.000004,0.050000,0.016480,0.005000,0.052883,0.003513,0.000019,-0.000000,0.003513,1
825,0.016500,-0.000004,0.050000,0.016500,0.005000,0.052889,0.003497,0.000019,-0.000000,0.003497,1
826,0.016520,-0.000004,0.050000,0.016520,0.005000,0.052895,0.003482,0.000018,-0.000000,0.003482,1
827,0.016540,-0.000004,0.050000,0.016540,0.005000,0.052902,0.003466,0.000018,-0.000000,0.003466,1
828,0.016560,-0.000004,0.050000,0.016560,0.005000,0.052908,0.003451,0.000018,-0.000000,0.003451,1
829,0.016580,-0.000004,0.050000,0.016580,0.005000,0.052914,0.003435,0.000018,-0.000000,0.003435,1
830,0.016600,-0.000004,0.050000,0.016600,0.005000,0.052920,0.003420,0.000018,-0.000000,0.003420,1
831,0.016620,-0.000004,0.050000,0.016620,0.005000,0.052927,0.003404,0.000017,0.000000,0.003404,1
832,0.016640,-0.000004,0.050000,0.016640,0.005000,0.052933,0.003389,0.000017,0.000000,0.003389,1
833,0.016660,-0.000004,0.050000,0.016660,0.005000,0.052939,0.003373,0.000017,0.000000,0.003373,1
834,0.016680,-0.000004,0.050000,0.016680,0.005000,0.052945,0.003358,0.000017,0.000000,0.003358,1
835,0.016700,-0.000004,0.050000,0.016700,0.005000,0.052952,0.003342,0.000017,0.000000,0.003343,1
836,0.016720,-0.000004,0.050000,0.016720,0.005000,0.052958,0.003327,0.000016,0.000000,0.003327,1
837,0.016740,-0.000004,0.050000,0.016740,0.005000,0.052964,0.003312,0.000016,0.000000,0.003312,1
838,0.016760,-0.000004,0.050000,0.016760,0.005000,0.052971,0.003296,0.000016,0.000000,0.003296,1
839,0.016780,-0.000004,0.050000,0.016780,0.005000,0.052977,0.003281,0.000016,0.000000,0.003281,1
840,0.016800,-0.000004,0.050000,0.016800,0.005000,0.052983,0.003265,0.000016,0.000000,0.003265,1
841,0.016820,-0.000004,0.050000,0.016820,0.005000,0.052990,0.003249,0.000015,0.000000,0.003249,1
842,0.016840,-0.000004,0.050000,0.016840,0.005000,0.052996,0.003232,0.000015,0.000000,0.003232,1
843,0.016860,-0.000004,0.050000,0.016860,0.005000,0.053002,0.003216,0.000015,0.000000,0.003216,1
844,0.016880,-0.000004,0.050000,0.016880,0.005000,0.053009,0.003199,0.000015,0.000000,0.003199,1
845,0.016900,-0.000004,0.050000,0.016900,0.005000,0.053015,0.003182,0.000015,0.000000,0.003182,1
846,0.016920,-0.000004,0.050000,0.016920,0.005000,0.053022,0.003166,0.000014,0.000000,0.003166,1
847,0.016940,-0.000004,0.050000,0.016940,0.005000,0.053028,0.003149,0.000014,0.000000,0.003149,1
848,0.016960,-0.000004,0.050000,0.016960,0.005000,0.053034,0.003132,0.000014,0.000000,0.003132,1
849,0.016980,-0.000004,0.050000,0.016980,0.005000,0.053041,0.003115,0.000014,0.000000,0.003116,1
850,0.017000,-0.000004,0.050000,0.017000,0.005000,0.053047,0.003099,0.000014,0.000000,0.003099,1
851,0.017020,-0.000004,0.050000,0.017020,0.005000,0.053054,0.003082,0.000013,0.000000,0.003082,1
852,0.017040,-0.000004,0.050000,0.017040,0.005000,0.053060,0.003065,0.000013,0.000000,0.003065,1
853,0.017060,-0.000004,0.050000,0.017060,0.005000,0.053066,0.003049,0.000013,0.000000,0.003049,1
854,0.017080,-0.000004,0.050000,0.017080,0.005000,0.053073,0.003032,0.000013,0.000000,0.003032,1
855,0.017100,-0.000004,0.050000,0.017100,0.005000,0.053079,0.003015,0.000013,0.000000,0.003015,1
856,0.017120,-0.000004,0.050000,0.017120,0.005000,0.053086,0.002999,0.000013,0.000000,0.002999,1
857,0.017140,-0.000004,0.050000,0.017140,0.005000,0.053092,0.002982,0.000012,0.000000,0.002982,1
858,0.017160,-0.000004,0.050000,0.017160,0.005000,0.053099,0.002965,0.000012,0.000000,0.002965,1
859,0.017180,-0.000004,0.050000,0.017180,0.005000,0.053105,0.002948,0.000012,0.000000,0.002948,1
860,0.017200,-0.000004,0.050000,0.017200,0.005000,0.053112,0.002932,0.000012,0.000000,0.002932,1
861,0.017220,-0.000004,0.050000,0.017220,0.005000,0.053118,0.002915,0.000012,0.000000,0.002915,1
862,0.017240,-0.000004,0.050000,0.017240,0.005000,0.053125,0.002898,0.000011,0.000000,0.002898,1
863,0.017260,-0.000004,0.050000,0.017260,0.005000,0.053131,0.002882,0.000011,0.000000,0.002882,1
864,0.017280,-0.000004,0.050000,0.017280,0.005000,0.053138,0.002865,0.000011,0.000000,0.002865,1
865,0.017300,-0.000004,0.050000,0.017300,0.005000,0.053144,0.002847,0.000011,0.000000,0.002847,1
866,0.017320,-0.000004,0.050000,0.017320,0.005000,0.053151,0.002829,0.000011,0.000000,0.002829,1
867,0.017340,-0.000004,0.050000,0.017340,0.005000,0.053157,0.002812,0.000011,0.000000,0.002812,1
868,0.017360,-0.000004,0.050000,0.017360,0.005000,0.053164,0.002794,0.000010,0.000000,0.002794,1
869,0.017380,-0.000004,0.050000,0.017380,0.005000,0.053170,0.002776,0.000010,0.000000,0.002776,1
870,0.017400,-0.000004,0.050000,0.017400,0.005000,0.053177,0.002758,0.000010,0.000000,0.002758,1
871,0.017420,-0.000004,0.050000,0.017420,0.005000,0.053183,0.002740,0.000010,0.000000,0.002740,1
872,0.017440,-0.000004,0.050000,0.017440,0.005000,0.053190,0.002722,0.000010,0.000000,0.002722,1
873,0.017460,-0.000004,0.050000,0.017460,0.005000,0.053196,0.002704,0.000010,0.000000,0.002704,1
874,0.017480,-0.000004,0.050000,0.017480,0.005000,0.053203,0.002687,0.000010,0.000000,0.002687,1
875,0.017500,-0.000004,0.050000,0.017500,0.005000,0.053209,0.002669,0.000009,0.000000,0.002669,1
876,0.017520,-0.000004,0.050000,0.017520,0.005000,0.053216,0.002651,0.000009,0.000000,0.002651,1
877,0.017540,-0.000004,0.050000,0.017540,0.005000,0.053223,0.002633,0.000009,0.000000,0.002633,1
878,0.017560,-0.000004,0.050000,0.017560,0.005000,0.053229,0.002615,0.000009,0.000000,0.002615,1
879,0.017580,-0.000004,0.050000,0.017580,0.005000,0.053236,0.002597,0.000009,0.000000,0.002597,1
880,0.017600,-0.000004,0.050000,0.017600,0.005000,0.053242,0.002579,0.000009,0.000000,0.002579,1
881,0.017620,-0.000004,0.050000,0.017620,0.005000,0.053249,0.002562,0.000008,0.000000,0.002562,1
882,0.017640,-0.000004,0.050000,0.017640,0.005000,0.053256,0.002544,0.000008,0.000000,0.002544,1
883,0.017660,-0.000004,0.050000,0.017660,0.005000,0.053262,0.002526,0.000008,0.000000,0.002526,1
884,0.017680,-0.000004,0.050000,0.017680,0.005000,0.053269,0.002508,0.000008,0.000000,0.002508,1
885,0.017700,-0.000004,0.050000,0.017700,0.005000,0.053276,0.002490,0.000008,0.000000,0.002490,1
886,0.017720,-0.000004,0.050000,0.017720,0.005000,0.053282,0.002471,0.000008,0.000000,0.002472,1
887,0.017740,-0.000004,0.050000,0.017740,0.005000,0.053289,0.002453,0.000008,0.000000,0.002453,1
888,0.017760,-0.000004,0.050000,0.017760,0.005000,0.053296,0.002434,0.000007,0.000000,0.002434,1
889,0.017780,-0.000004,0.050000,0.017780,0.005000,0.053302,0.002415,0.000007,0.000000,0.002415,1
890,0.017800,-0.000004,0.050000,0.017800,0.005000,0.053309,0.002396,0.000007,0.000000,0.002396,1
891,0.017820,-0.000004,0.050000,0.017820,0.005000,0.053316,0.002377,0.000007,0.000000,0.002377,1
892,0.017840,-0.000004,0.050000,0.017840,0.005000,0.053322,0.002358,0.000007,0.000000,0.002358,1
893,0.017860,-0.000004,0.050000,0.017860,0.005000,0.053329,0.002339,0.000007,0.000000,0.002339,1
894,0.017880,-0.000004,0.050000,0.017880,0.005000,0.053336,0.002320,0.000007,0.000000,0.002320,1
895,0.017900,-0.000004,0.050000,0.017900,0.005000,0.053342,0.002301,0.000006,0.000000,0.002301,1
896,0.017920,-0.000004,0.050000,0.017920,0.005000,0.053349,0.002282,0.000006,0.000000,0.002282,1
897,0.017940,-0.000004,0.050000,0.017940,0.005000,0.053356,0.002263,0.000006,0.000000,0.002263,1
898,0.017960,-0.000004,0.050000,0.017960,0.005000,0.053363,0.002244,0.000006,0.000000,0.002245,1
899,0.017980,-0.000004,0.050000,0.017980,0.005000,0.053369,0.002226,0.000006,0.000000,0.002226,1
900,0.018000,-0.000004,0.050000,0.018000,0.005000,0.053376,0.002207,0.000006,0.000000,0.002207,1
901,0.018020,-0.000004,0.050000,0.018020,0.005000,0.053383,0.002188,0.000006,0.000000,0.002188,1
902,0.018040,-0.000004,0.050000,0.018040,0.005000,0.053390,0.002169,0.000006,0.000000,0.002169,1
903,0.018060,-0.000004,0.050000,0.018060,0.005000,0.053396,0.002150,0.000005,0.000000,0.002150,1
904,0.018080,-0.000004,0.050000,0.018080,0.005000,0.053403,0.002131,0.000005,0.000000,0.002131,1
905,0.018100,-0.000004,0.050000,0.018100,0.005000,0.053410,0.002111,0.000005,0.000000,0.002111,1
906,0.018120,-0.000004,0.050000,0.018120,0.005000,0.053417,0.002091,0.000005,-0.000000,0.002091,1
907,0.018140,-0.000004,0.050000,0.018140,0.005000,0.053423,0.002071,0.000005,-0.000000,0.002071,1
908,0.018160,-0.000004,0.050000,0.018160,0.005000,0.053430,0.002051,0.000005,-0.000000,0.002051,1
909,0.018180,-0.000004,0.050000,0.018180,0.005000,0.053437,0.002032,0.000005,-0.000000,0.002032,1
910,0.018200,-0.000004,0.050000,0.018200,0.005000,0.053444,0.002012,0.000005,-0.000000,0.002012,1
911,0.018220,-0.000004,0.050000,0.018220,0.005000,0.053451,0.001992,0.000005,-0.000000,0.001992,1
912,0.018240,-0.000004,0.050000,0.018240,0.005000,0.053457,0.001972,0.000004,-0.000000,0.001972,1
913,0.018260,-0.000004,0.050000,0.018260,0.005000,0.053464,0.001952,0.000004,-0.000000,0.001952,1
914,0.018280,-0.000004,0.050000,0.018280,0.005000,0.053471,0.001932,0.000004,-0.000000,0.001932,1
915,0.018300,-0.000004,0.050000,0.018300,0.005000,0.053478,0.001912,0.000004,-0.000000,0.001912,1
916,0.018320,-0.000004,0.050000,0.018320,0.005000,0.053485,0.001892,0.000004,-0.000000,0.001892,1
917,0.018340,-0.000004,0.050000,0.018340,0.005000,0.053492,0.001873,0.000004,-0.000000,0.001873,1
918,0.018360,-0.000004,0.050000,0.018360,0.005000,0.053499,0.001853,0.000004,-0.000000,0.001853,1
919,0.018380,-0.000004,0.050000,0.018380,0.005000,0.053505,0.001833,0.000004,-0.000000,0.001833,1
920,0.018400,-0.000004,0.050000,0.018400,0.005000,0.053512,0.001813,0.000004,-0.000000,0.001813,1
921,0.018420,-0.000004,0.050000,0.018420,0.005000,0.053519,0.001793,0.000003,-0.000000,0.001793,1
922,0.018440,-0.000004,0.050000,0.018440,0.005000,0.053526,0.001772,0.000003,-0.000000,0.001772,1
923,0.018460,-0.000004,0.050000,0.018460,0.005000,0.053533,0.001751,0.000003,-0.000000,0.001751,1
924,0.018480,-0.000004,0.050000,0.018480,0.005000,0.053540,0.001730,0.000003,-0.000000,0.001730,1
925,0.018500,-0.000004,0.050000,0.018500,0.005000,0.053547,0.001710,0.000003,-0.000000,0.001710,1
926,0.018520,-0.000004,0.050000,0.018520,0.005000,0.053554,0.001689,0.000003,-0.000000,0.001689,1
927,0.018540,-0.000004,0.050000,0.018540,0.005000,0.053561,0.001668,0.000003,-0.000000,0.001668,1
928,0.018560,-0.000004,0.050000,0.018560,0.005000,0.053567,0.001647,0.000003,-0.000000,0.001647,1
929,0.018580,-0.000004,0.050000,0.018580,0.005000,0.053574,0.001627,0.000003,-0.000000,0.001627,1
930,0.018600,-0.000004,0.050000,0.018600,0.005000,0.053581,0.001606,0.000003,-0.000000,0.001606,1
931,0.018620,-0.000004,0.050000,0.018620,0.005000,0.053588,0.001585,0.000003,-0.000000,0.001585,1
932,0.018640,-0.000004,0.050000,0.018640,0.005000,0.053595,0.001564,0.000003,-0.000000,0.001564,1
933,0.018660,-0.000004,0.050000,0.018660,0.005000,0.053602,0.001544,0.000002,-0.000000,0.001544,1
934,0.018680,-0.000004,0.050000,0.018680,0.005000,0.053609,0.001523,0.000002,-0.000000,0.001523,1
935,0.018700,-0.000004,0.050000,0.018700,0.005000,0.053616,0.001502,0.000002,-0.000000,0.001502,1
936,0.018720,-0.000004,0.050000,0.018720,0.005000,0.053623,0.001481,0.000002,-0.000000,0.001481,1
937,0.018740,-0.000004,0.050000,0.018740,0.005000,0.053630,0.001459,0.000002,-0.000000,0.001459,1
938,0.018760,-0.000004,0.050000,0.018760,0.005000,0.053637,0.001438,0.000002,-0.000000,0.001438,1
939,0.018780,-0.000004,0.050000,0.018780,0.005000,0.053644,0.001416,0.000002,-0.000000,0.001416,1
940,0.018800,-0.000004,0.050000,0.018800,0.005000,0.053651,0.001395,0.000002,-0.000000,0.001395,1
941,0.018820,-0.000004,0.050000,0.018820,0.005000,0.053658,0.001373,0.000002,-0.000000,0.001373,1
942,0.018840,-0.000004,0.050000,0.018840,0.005000,0.053665,0.001351,0.000002,-0.000000,0.001351,1
943,0.018860,-0.000004,0.050000,0.018860,0.005000,0.053672,0.001330,0.000002,-0.000000,0.001330,1
944,0.018880,-0.000004,0.050000,0.018880,0.005000,0.053679,0.001308,0.000002,0.000000,0.001308,1
945,0.018900,-0.000004,0.050000,0.018900,0.005000,0.053686,0.001287,0.000002,0.000000,0.001287,1
946,0.018920,-0.000004,0.050000,0.018920,0.005000,0.053693,0.001265,0.000002,0.000000,0.001265,1
947,0.018940,-0.000004,0.050000,0.018940,0.005000,0.053700,0.001244,0.000001,0.000000,0.001244,1
948,0.018960,-0.000004,0.050000,0.018960,0.005000,0.053707,0.001222,0.000001,0.000000,0.001222,1
949,0.018980,-0.000004,0.050000,0.018980,0.005000,0.053714,0.001200,0.000001,0.000000,0.001200,1
950,0.019000,-0.000004,0.050000,0.019000,0.005000,0.053722,0.001178,0.000001,0.000000,0.001178,1
951,0.019020,-0.000004,0.050000,0.019020,0.005000,0.053729,0.001156,0.000001,0.000000,0.001156,1
952,0.019040,-0.000004,0.050000,0.019040,0.005000,0.053736,0.001133,0.000001,0.000000,0.001133,1
953,0.019060,-0.000004,0.050000,0.019060,0.005000,0.053743,0.001111,0.000001,0.000000,0.001111,1
954,0.019080,-0.000004,0.050000,0.019080,0.005000,0.053750,0.001089,0.000001,0.000000,0.001089,1
955,0.019100,-0.000004,0.050000,0.019100,0.005000,0.053757,0.001067,0.000001,0.000000,0.001067,1
956,0.019120,-0.000004,0.050000,0.019120,0.005000,0.053764,0.001044,0.000001,0.000000,0.001044,1
957,0.019140,-0.000004,0.050000,0.019140,0.005000,0.053771,0.001022,0.000001,0.000000,0.001022,1
958,0.019160,-0.000004,0.050000,0.019160,0.005000,0.053778,0.001000,0.000001,0.000000,0.001000,1
959,0.019180,-0.000004,0.050000,0.019180,0.005000,0.053785,0.000978,0.000001,0.000000,0.000978,1
960,0.019200,-0.000004,0.050000,0.019200,0.005000,0.053793,0.000955,0.000001,0.000000,0.000955,1
961,0.019220,-0.000004,0.050000,0.019220,0.005000,0.053800,0.000932,0.000001,0.000000,0.000932,1
962,0.019240,-0.000004,0.050000,0.019240,0.005000,0.053807,0.000909,0.000001,0.000000,0.000909,1
963,0.019260,-0.000004,0.050000,0.019260,0.005000,0.053814,0.000887,0.000001,0.000000,0.000887,1
964,0.019280,-0.000004,0.050000,0.019280,0.005000,0.053821,0.000864,0.000001,0.000000,0.000864,1
965,0.019300,-0.000004,0.050000,0.019300,0.005000,0.053828,0.000841,0.000001,0.000000,0.000841,1
966,0.019320,-0.000004,0.050000,0.019320,0.005000,0.053836,0.000818,0.000001,0.000000,0.000818,1
967,0.019340,-0.000004,0.050000,0.019340,0.005000,0.053843,0.000795,0.000001,0.000000,0.000795,1
968,0.019360,-0.000004,0.050000,0.019360,0.005000,0.053850,0.000772,0.000001,0.000000,0.000772,1
969,0.019380,-0.000004,0.050000,0.019380,0.005000,0.053857,0.000749,0.000000,0.000000,0.000749,1
970,0.019400,-0.000004,0.050000,0.019400,0.005000,0.053864,0.000726,0.000000,-0.000000,0.000726,1
971,0.019420,-0.000004,0.050000,0.019420,0.005000,0.053871,0.000703,0.000000,-0.000000,0.000703,1
972,0.019440,-0.000004,0.050000,0.019440,0.005000,0.053879,0.000679,0.000000,-0.000000,0.000679,1
973,0.019460,-0.000004,0.050000,0.019460,0.005000,0.053886,0.000656,0.000000,-0.000000,0.000656,1
974,0.019480,-0.000004,0.050000,0.019480,0.005000,0.053893,0.000633,0.000000,-0.000000,0.000633,1
975,0.019500,-0.000004,0.050000,0.019500,0.005000,0.053900,0.000609,0.000000,-0.000000,0.000609,1
976,0.019520,-0.000004,0.050000,0.019520,0.005000,0.053908,0.000586,0.000000,-0.000000,0.000586,1
977,0.019540,-0.000004,0.050000,0.019540,0.005000,0.053915,0.000562,0.000000,-0.000000,0.000562,1
978,0.019560,-0.000004,0.050000,0.019560,0.005000,0.053922,0.000539,0.000000,-0.000000,0.000539,1
979,0.019580,-0.000004,0.050000,0.019580,0.005000,0.053929,0.000515,0.000000,-0.000000,0.000515,1
980,0.019600,-0.000004,0.050000,0.019600,0.005000,0.053937,0.000491,0.000000,-0.000000,0.000491,1
981,0.019620,-0.000004,0.050000,0.019620,0.005000,0.053944,0.000468,0.000000,-0.000000,0.000468,1
982,0.019640,-0.000004,0.050000,0.019640,0.005000,0.053951,0.000444,0.000000,-0.000000,0.000444,1
983,0.019660,-0.000004,0.050000,0.019660,0.005000,0.053958,0.000420,0.000000,-0.000000,0.000420,1
984,0.019680,-0.000004,0.050000,0.019680,0.005000,0.053966,0.000396,0.000000,-0.000000,0.000396,1
985,0.019700,-0.000004,0.050000,0.019700,0.005000,0.053973,0.000372,0.000000,-0.000000,0.000372,1
986,0.019720,-0.000004,0.050000,0.019720,0.005000,0.053980,0.000348,0.000000,0.000000,0.000348,1
987,0.019740,-0.000004,0.050000,0.019740,0.005000,0.053988,0.000324,0.000000,0.000000,0.000324,1
988,0.019760,-0.000004,0.050000,0.019760,0.005000,0.053995,0.000299,0.000000,0.000000,0.000299,1
989,0.019780,-0.000004,0.050000,0.019780,0.005000,0.054002,0.000275,0.000000,0.000000,0.000275,1
990,0.019800,-0.000004,0.050000,0.019800,0.005000,0.054010,0.000251,0.000000,0.000000,0.000251,1
991,0.019820,-0.000004,0.050000,0.019820,0.005000,0.054017,0.000226,0.000000,0.000000,0.000226,1
992,0.019840,-0.000004,0.050000,0.019840,0.005000,0.054024,0.000202,0.000000,0.000000,0.000202,1
993,0.019860,-0.000004,0.050000,0.019860,0.005000,0.054032,0.000178,0.000000,0.000000,0.000178,1
994,0.019880,-0.000004,0.050000,0.019880,0.005000,0.054039,0.000153,0.000000,0.000000,0.000153,1
995,0.019900,-0.000004,0.050000,0.019900,0.005000,0.054046,0.000127,0.000000,0.000000,0.000127,1
996,0.019920,-0.000004,0.050000,0.019920,0.005000,0.054054,0.000102,0.000000,0.000000,0.000102,1
997,0.019940,-0.000004,0.050000,0.019940,0.005000,0.054061,0.000076,0.000000,0.000000,0.000076,1
998,0.019960,-0.000004,0.050000,0.019960,0.005000,0.054068,0.000051,0.000000,0.000000,0.000051,1
999,0.019980,-0.000004,0.050000,0.019980,0.005000,0.054076,0.000025,0.000000,0.000000,0.000025,1
1000,0.020000,-0.000004,0.050000,0.020000,0.005000,0.054083,0.000000,0.000000,0.000000,0.000000,1
